id,school,name,position_family,class_2026,grade_hq_2026,old_nfl_style_outlook,approved_development_label,breakout_pct,improve_pct,steady_pct,decline_pct,max_gain_effective,max_loss,volatility,source_links
alabama|brayhubbard,Alabama,Bray Hubbard,Secondary,SR,84,STEADY,STEADY,4,17,65,14,2,5,LOW,https://rolltide.com/sports/football/roster/brayson-hubbard/17446
alabama|calebwoodson,Alabama,Caleb Woodson,Front Seven,SR,82,RISING,STEADY,8,29,47,16,4,6,MEDIUM,https://rolltide.com/sports/football/roster/caleb-woodson/17539
alabama|danielhill,Alabama,Daniel Hill,RB,JR,83,RISING,STEADY,9,37,41,13,5,5,MEDIUM,https://rolltide.com/sports/football/roster/daniel-hill/17441
alabama|devanthompkins,Alabama,Devan Thompkins,Front Seven,5TH,87,RISING,STEADY,9,25,50,16,4,5,MEDIUM,https://rolltide.com/sports/football/roster/devan-thompkins/17536
alabama|dijonleejr,Alabama,Dijon Lee Jr.,Secondary,SO,91,RISING,STEADY,8,29,49,14,4,5,MEDIUM,https://rolltide.com/sports/football/roster/dijon-lee-jr/17454
alabama|ejcrowell,Alabama,EJ Crowell,RB,FR,84,HIGH UPSIDE,HIGH UPSIDE,20,40,28,12,7,5,HIGH,https://rolltide.com/sports/football/roster/ej-crowell/17501
alabama|kalebedwards,Alabama,Kaleb Edwards,TE,SO,84,RISING,RISING,15,38,35,12,6,5,HIGH,https://rolltide.com/sports/football/roster/kaleb-edwards/17433
alabama|keelonrussell,Alabama,Keelon Russell,QB,SO,93,RISING,STEADY,8,31,49,12,6,5,MEDIUM,https://rolltide.com/sports/football/roster/russell-keelon/17477
alabama|keonsabb,Alabama,Keon Sabb,Secondary,5TH,89,STEADY,STEADY,5,19,61,15,3,5,LOW,https://rolltide.com/sports/football/roster/keon-sabb/17478
alabama|londonsimmons,Alabama,London Simmons,Front Seven,SO,80,RISING,RISING,14,38,36,12,6,5,HIGH,https://rolltide.com/sports/football/roster/london-simmons/17484
alabama|lotzeirbrooks,Alabama,Lotzeir Brooks,WR,SO,86,RISING,RISING,14,38,36,12,6,5,HIGH,https://rolltide.com/sports/football/roster/LOTZEIR-BROOKS/17426
alabama|lukemetz,Alabama,Luke Metz,Front Seven,SO,87,RISING,RISING,13,40,36,11,6,5,HIGH,https://rolltide.com/sports/football/roster/luke-metz/17464
alabama|redmorgan,Alabama,Red Morgan,Secondary,JR,74,RISING,RISING,12,35,39,14,5,5,MEDIUM,https://rolltide.com/sports/football/roster/red-morgan/17468
alabama|ricoscott,Alabama,Rico Scott,WR,JR,84,RISING,RISING,14,40,35,11,6,5,MEDIUM,https://rolltide.com/sports/football/roster/rico-scott/17483
alabama|ryancolemanwilliams,Alabama,Ryan Coleman-Williams,WR,JR,91,RISING,STEADY,7,26,47,20,4,6,MEDIUM,https://rolltide.com/sports/football/roster/
alabama|terrancegreen,Alabama,Terrance Green,Front Seven,SR,81,RISING,RISING,15,34,36,15,6,5,HIGH,https://rolltide.com/sports/football/roster/terrance-green/17508
alabama|traeshawnbrown,Alabama,Trae'shawn Brown,RB,FR,80,HIGH UPSIDE,HIGH UPSIDE,21,40,25,14,8,5,HIGH,https://rolltide.com/sports/football/roster/traeshawn-brown/17421 | https://rolltide.com/sports/football/roster/
alabama|yhonzaepierre,Alabama,Yhonzae Pierre,Front Seven,SR,91,STEADY,STEADY,5,20,61,14,3,5,LOW,https://rolltide.com/sports/football/roster/yhonzae-pierre/17470
alabama|zabienbrown,Alabama,Zabien Brown,Secondary,JR,90,RISING,STEADY,4,22,60,14,3,4,LOW,https://rolltide.com/sports/football/roster/zabien-brown/17427
alabama|zyangibson,Alabama,Zyan Gibson,Secondary,FR,86,HIGH UPSIDE,HIGH UPSIDE,20,40,26,14,8,5,HIGH,https://rolltide.com/sports/football/roster/zyan-gibson/17328 | https://rolltide.com/sports/football/roster/
boise-state|akeemwright,Boise State,Akeem Wright,WR,SR,84,RISING,STEADY,13,33,39,15,5,6,HIGH,https://broncosports.com/sports/football/roster/akeem-wright/14431
boise-state|benford,Boise State,Ben Ford,WR,6TH,83,RISING,STEADY,8,30,39,23,4,7,HIGH,https://broncosports.com/sports/football/roster/ben-ford/14301
boise-state|boenphelps,Boise State,Boen Phelps,Front Seven,SR,88,RISING,STEADY,9,35,44,12,4,5,MEDIUM,https://broncosports.com/sports/football/roster/boen-phelps/14247
boise-state|cambates,Boise State,Cam Bates,WR,JR,82,RISING,RISING,15,40,34,11,5,5,HIGH,https://broncosports.com/sports/football/roster/cam-bates/14190
boise-state|dylanriley,Boise State,Dylan Riley,RB,JR,95,RISING,STEADY,6,25,57,12,3,5,LOW,https://broncosports.com/sports/football/roster/dylan-riley/14250
boise-state|jadenmickey,Boise State,Jaden Mickey,Secondary,5TH,88,RISING,STEADY,5,23,56,16,3,5,LOW,https://broncosports.com/sports/football/roster/jaden-mickey/14328
boise-state|jaydenvirginmorgan,Boise State,Jayden Virgin-Morgan,Front Seven,5TH,93,RISING,STEADY,5,24,56,15,3,5,LOW,https://broncosports.com/sports/football/roster/jayden-virginmorgan/14357
boise-state|jericowashingtonjr,Boise State,JeRico Washington Jr.,Secondary,SR,86,RISING,STEADY,9,29,48,14,4,5,MEDIUM,https://broncosports.com/sports/football/roster/jerico-washington-jr/14415
boise-state|loganbrantley,Boise State,Logan Brantley,Front Seven,SR,80,HIGH UPSIDE,BOOM/BUST,18,35,29,18,6,6,HIGH,https://broncosports.com/sports/football/roster/logan-brantley/14397
boise-state|madduxmadsen,Boise State,Maddux Madsen,QB,5TH,88,STEADY,STEADY,4,20,59,17,3,5,LOW,https://broncosports.com/sports/football/roster/maddux-madsen/14321
boise-state|mattwagner,Boise State,Matt Wagner,TE,SR,84,RISING,STEADY,12,34,42,12,4,5,MEDIUM,https://broncosports.com/sports/football/roster/matt-wagner/14269
boise-state|maxstege,Boise State,Max Stege,Front Seven,SR,85,RISING,STEADY,9,33,43,15,4,6,MEDIUM,https://broncosports.com/sports/football/roster/max-stege/14258
boise-state|mikaioedward,Boise State,Mikaio Edward,Front Seven,SR,83,RISING,RISING,16,34,34,16,6,6,HIGH,https://broncosports.com/sports/football/roster/mikaio-edward/14405
boise-state|raseanjones,Boise State,Rasean Jones,WR,FR,87,HIGH UPSIDE,HIGH UPSIDE,21,43,28,8,7,4,HIGH,https://broncosports.com/sports/football/roster/rasean-jones/14382
boise-state|romantillmon,Boise State,Roman Tillmon,Secondary,SR,84,RISING,STEADY,8,28,48,16,4,5,MEDIUM,https://broncosports.com/sports/football/roster/roman-tillmon/14424
boise-state|sherrodsmith,Boise State,Sherrod Smith,Secondary,JR,84,RISING,RISING,14,37,37,12,5,5,MEDIUM,https://broncosports.com/sports/football/roster/sherrod-smith/14344
boise-state|siregaines,Boise State,Sire Gaines,RB,JR,88,RISING,RISING,11,37,39,13,5,5,MEDIUM,https://broncosports.com/sports/football/roster/sire-gaines/14303
boise-state|travisanderson,Boise State,Travis Anderson,Secondary,JR,86,HIGH UPSIDE,HIGH UPSIDE,18,41,30,11,6,5,HIGH,https://broncosports.com/sports/football/roster/travis-anderson/14278
byu|bearbachmeier,BYU,Bear Bachmeier,QB,SO,86,RISING,RISING,12,37,40,11,6,5,HIGH,https://byucougars.com/news/2025/12/18/bachmeier-named-247sports-true-freshman-all-american | https://byucougars.com/sports/football/roster/player/bear-bachmeier
byu|bodieschoonover,BYU,Bodie Schoonover,Front Seven,SR,81,RISING,STEADY,5,24,56,15,3,5,LOW,https://byucougars.com/sports/football/roster/player/bodie-schoonover
byu|cadeuluave,BYU,Cade Uluave,Front Seven,SR,88,RISING,STEADY,5,23,58,14,3,5,LOW,https://byucougars.com/sports/football/roster/player/cade-uluave
byu|cannondevries,BYU,Cannon DeVries,Secondary,SO,76,HIGH UPSIDE,HIGH UPSIDE,18,39,31,12,7,5,HIGH,https://byucougars.com/sports/football/roster/player/cannon-devries
byu|evanjohnson,BYU,Evan Johnson,Secondary,SR,89,STEADY,STEADY,4,18,61,17,2,5,LOW,https://byucougars.com/sports/football/roster/player/evan-johnson
byu|faletausatuala,BYU,Faletau Satuala,Secondary,JR,88,RISING,STEADY,6,27,55,12,3,4,LOW,https://byucougars.com/sports/football/roster/player/faletau-satuala
byu|hunterclegg,BYU,Hunter Clegg,Front Seven,SO,78,HIGH UPSIDE,HIGH UPSIDE,20,39,26,15,7,5,HIGH,https://byucougars.com/sports/football/roster/player/hunter-clegg
byu|jojophillips,BYU,Jojo Phillips,WR,JR,79,RISING,BOOM/BUST,14,34,33,19,6,6,HIGH,https://byucougars.com/sports/football/roster/player/jojo-phillips
byu|keanutanuvasa,BYU,Keanu Tanuvasa,Front Seven,SR,89,STEADY,STEADY,5,20,60,15,3,5,LOW,https://byucougars.com/sports/football/roster/season/2025/player/keanu-tanuvasa
byu|kylerkasper,BYU,Kyler Kasper,WR,JR,82,RISING,BOOM/BUST,16,34,31,19,6,6,HIGH,https://byucougars.com/sports/football/roster/player/kyler-kasper
byu|legendglasker,BYU,Legend Glasker,WR,FR,88,HIGH UPSIDE,HIGH UPSIDE,20,42,26,12,8,5,HIGH,https://byucougars.com/sports/football/roster/player/legend-glasker
byu|ljmartin,BYU,LJ Martin,RB,SR,93,STEADY,STEADY,3,17,65,15,2,5,LOW,https://byucougars.com/sports/football/roster/season/2025/player/lj-martin
byu|nusitaumoepeau,BYU,Nusi Taumoepeau,Front Seven,SO,80,HIGH UPSIDE,HIGH UPSIDE,19,38,28,15,7,5,HIGH,https://byucougars.com/sports/football/roster/player/nusi-taumoepeau
byu|prestonrex,BYU,Preston Rex,RB,SR,76,RISING,BOOM/BUST,15,33,34,18,5,6,HIGH,https://byucougars.com/sports/football/roster/player/preston-rex
byu|tausiliakana,BYU,Tausili Akana,Front Seven,JR,84,RISING,RISING,15,33,37,15,5,6,MEDIUM,https://byucougars.com/sports/football/roster/season/2025/player/tausili-akana
byu|therrianalexanderiii,BYU,Therrian Alexander III,Secondary,JR,78,RISING,RISING,15,35,34,16,6,5,HIGH,https://byucougars.com/sports/football/roster/season/2025/player/therrian-alexander
byu|tommyprassas,BYU,Tommy Prassas,Secondary,SO,80,RISING,RISING,12,35,38,15,5,5,MEDIUM,https://byucougars.com/sports/football/roster/player/tommy-prassas
byu|walkerlyons,BYU,Walker Lyons,TE,JR,84,RISING,STEADY,11,34,40,15,5,5,MEDIUM,https://byucougars.com/sports/football/roster/player/walker-lyons
florida|aaronphilo,Florida,Aaron Philo,QB,JR,87,RISING,STEADY,10,35,42,13,5,5,MEDIUM,https://floridagators.com/sports/football/roster/aaron-philo/18345
florida|amirjackson,Florida,Amir Jackson,TE,JR,80,RISING,RISING,12,36,38,14,5,5,MEDIUM,https://floridagators.com/sports/football/roster/amir-jackson/18269
florida|benhanksiii,Florida,Ben Hanks III,Secondary,SO,78,RISING,STEADY,9,32,46,13,5,5,MEDIUM,https://floridagators.com/sports/football/roster/ben-hanks-iii/18266
florida|brendanbett,Florida,Brendan Bett,Front Seven,SR,80,RISING,STEADY,7,25,52,16,4,5,MEDIUM,https://floridagators.com/sports/football/roster/brendan--bett/18252
florida|brycethornton,Florida,Bryce Thornton,Secondary,SR,87,RISING,STEADY,6,25,52,17,4,5,MEDIUM,https://floridagators.com/sports/football/roster/bryce-thornton/18302
florida|cormanimcclain,Florida,Cormani McClain,Secondary,SR,84,RISING,STEADY,9,29,42,20,5,6,HIGH,https://floridagators.com/sports/football/roster/cormani-mcclain/18287
florida|dallaswilson,Florida,Dallas Wilson,WR,SO,86,RISING,RISING,11,37,40,12,5,5,MEDIUM,https://floridagators.com/sports/football/roster/dallas-wilson/18309
florida|djcoleman,Florida,DJ Coleman,Secondary,SR,88,RISING,STEADY,6,23,57,14,3,5,MEDIUM,https://floridagators.com/sports/football/roster/dj-coleman/18321
florida|dukeclark,Florida,Duke Clark,RB,SO,88,RISING,RISING,13,38,37,12,6,5,HIGH,https://floridagators.com/sports/football/roster/duke-clark/18258
florida|ericsingletonjr,Florida,Eric Singleton Jr.,WR,SR,87,RISING,BOOM/BUST,15,32,29,24,5,7,HIGH,https://floridagators.com/sports/football/roster/eric-singleton-jr/18349
florida|evanpryor,Florida,Evan Pryor,RB,6TH,81,RISING,BOOM/BUST,14,29,33,24,5,7,HIGH,https://floridagators.com/sports/football/roster/evan-pryor/18346
florida|jadanbaugh,Florida,Jadan Baugh,RB,JR,98,DECLINE RISK,STEADY,2,10,70,18,1,6,LOW,https://floridagators.com/sports/football/roster/jadan--baugh/18251 | https://floridagators.com/documents/download/2026/1/27/2025_SEASON_REVIEW_NOTES_-_FINAL.pdf
florida|jadenrobinson,Florida,Jaden Robinson,Front Seven,SR,77,RISING,STEADY,7,25,52,16,4,5,LOW,https://floridagators.com/sports/football/roster/jaden-robinson/18294
florida|jaydenwoods,Florida,Jayden Woods,Front Seven,SO,89,RISING,STEADY,7,29,52,12,4,5,MEDIUM,https://floridagators.com/sports/football/roster/jayden-woods/18310
florida|jeramiahmccloud,Florida,Jeramiah McCloud,Front Seven,SO,77,RISING,RISING,12,38,37,13,6,5,MEDIUM,https://floridagators.com/sports/football/roster/jeramiah-mccloud/18288
florida|kamranjames,Florida,Kamran James,Front Seven,SR,82,RISING,STEADY,7,25,52,16,4,5,MEDIUM,https://floridagators.com/sports/football/roster/kamran-james/18272
florida|kanyeclark,Florida,Kanye Clark,Secondary,SR,76,RISING,STEADY,7,28,48,17,4,5,MEDIUM,https://floridagators.com/sports/football/roster/kanye-clark/18320
florida|mylesgraham,Florida,Myles Graham,Front Seven,JR,84,RISING,STEADY,5,23,57,15,3,5,LOW,https://floridagators.com/sports/football/roster/myles-graham/18265
florida|vernellbrowniii,Florida,Vernell Brown III,WR,SO,88,RISING,STEADY,8,33,47,12,4,5,MEDIUM,https://floridagators.com/sports/football/roster/vernell-brown-iii/18253
georgia|chaunceybowens,Georgia,Chauncey Bowens,RB,JR,85,RISING,STEADY,11,36,40,13,5,5,MEDIUM,https://georgiadogs.com/sports/football/roster/Chauncey-Bowens/10542
georgia|chriscole,Georgia,Chris Cole,Front Seven,JR,84,RISING,STEADY,12,34,41,13,5,5,MEDIUM,https://georgiadogs.com/sports/football/roster/chris-cole/10546
georgia|craigdandridge,Georgia,Craig Dandridge,WR,FR,76,HIGH UPSIDE,HIGH UPSIDE,20,42,27,11,7,5,HIGH,https://georgiadogs.com/sports/football/roster/craig-dandridge/10712
georgia|demellojones,Georgia,Demello Jones,Secondary,JR,78,RISING,STEADY,12,34,40,14,5,5,MEDIUM,https://georgiadogs.com/sports/football/roster/demello-jones/10575
georgia|elijahgriffin,Georgia,Elijah Griffin,Front Seven,SO,88,RISING,RISING,13,38,35,14,6,5,HIGH,https://georgiadogs.com/sports/football/roster/elijah-griffin/10560
georgia|ellisrobinsoniv,Georgia,Ellis Robinson IV,Secondary,JR,92,STEADY,STEADY,3,16,65,16,2,4,LOW,https://georgiadogs.com/sports/football/roster/ellis-robinson%20iv/10682
georgia|gabeharrisjr,Georgia,Gabe Harris Jr.,Front Seven,SR,82,RISING,STEADY,8,28,46,18,4,5,MEDIUM,https://georgiadogs.com/sports/football/roster/gabe-harris-jr/10563
georgia|gunnerstockton,Georgia,Gunner Stockton,QB,5TH,93,STEADY,DECLINE RISK,5,17,52,26,3,6,LOW,https://georgiadogs.com/sports/football/roster/gunner-stockton/10603 | https://www.ncaa.org/news/division-i-adopts-age-based-eligibility-model/
georgia|isiahcanion,Georgia,Isiah Canion,WR,JR,84,RISING,STEADY,11,32,41,16,5,5,MEDIUM,https://georgiadogs.com/sports/football/roster/isiah-canion/10709
georgia|jordanhall,Georgia,Jordan Hall,Front Seven,SR,81,RISING,STEADY,9,29,42,20,4,6,MEDIUM,https://georgiadogs.com/sports/football/roster/jordan-hall/10561
georgia|khalilbarnes,Georgia,Khalil Barnes,Secondary,SR,84,STEADY,STEADY,5,22,55,18,3,5,MEDIUM,https://georgiadogs.com/sports/football/roster/khalil-barnes/10705
georgia|kjbolden,Georgia,KJ Bolden,Secondary,JR,99,STEADY,STEADY,2,13,70,15,0,4,LOW,https://georgiadogs.com/sports/football/roster/kj-bolden/10541
georgia|kyronjones,Georgia,Kyron Jones,Secondary,SR,76,RISING,STEADY,9,29,43,19,5,5,MEDIUM,https://georgiadogs.com/sports/football/roster/kyron-jones/10576
georgia|lawsonluckie,Georgia,Lawson Luckie,TE,SR,87,RISING,STEADY,6,24,55,15,3,5,LOW,https://georgiadogs.com/sports/football/roster/lawson-luckie/10580
georgia|natefrazier,Georgia,Nate Frazier,RB,JR,92,RISING,STEADY,9,33,47,11,5,4,MEDIUM,https://georgiadogs.com/sports/football/roster/nate-frazier/10638
georgia|quintaviusjohnson,Georgia,Quintavius Johnson,Front Seven,JR,80,RISING,STEADY,8,29,48,15,4,5,MEDIUM,https://georgiadogs.com/sports/football/roster/quintavius-johnson/10573
georgia|raylenwilson,Georgia,Raylen Wilson,Front Seven,SR,89,STEADY,STEADY,4,20,61,15,3,5,LOW,https://georgiadogs.com/sports/football/roster/raylen-wilson/10702
georgia|sacoviewhitehelton,Georgia,Sacovie White Helton,WR,JR,79,RISING,RISING,15,38,33,14,6,5,HIGH,https://georgiadogs.com/sports/football/roster/sacovie-white/10611
georgia|talyntaylor,Georgia,Talyn Taylor,WR,SO,83,RISING,RISING,16,42,31,11,6,5,HIGH,https://georgiadogs.com/sports/football/roster/talyn-taylor/10690
houston|amarethomas,Houston,Amare Thomas,WR,SR,91,RISING,STEADY,5,22,61,12,3,5,LOW,https://uhcougars.com/sports/football/roster/amare-thomas/9909
houston|ashtonporter,Houston,Ashton Porter,Front Seven,SR,85,RISING,RISING,14,36,36,14,5,6,HIGH,https://uhcougars.com/sports/football/roster/ashton-porter/10025
houston|brandonmackii,Houston,Brandon Mack II,Front Seven,8TH,82,STEADY,STEADY,6,26,47,21,4,7,HIGH,https://uhcougars.com/sports/football/roster/brandon-mack-ii/9880
houston|connerweigman,Houston,Conner Weigman,QB,5TH,88,STEADY,STEADY,4,21,57,18,3,5,LOW,https://uhcougars.com/sports/football/roster/conner-weigman/9919
houston|demarionthomas,Houston,De'Marion Thomas,Front Seven,SR,82,RISING,RISING,15,37,33,15,5,6,HIGH,https://uhcougars.com/sports/football/roster/demarion-thomas/10016
houston|jadenyates,Houston,Jaden Yates,Front Seven,SR,77,RISING,STEADY,6,28,53,13,4,5,LOW,https://uhcougars.com/sports/football/roster/jaden-yates/10019
houston|jalenmayo,Houston,Jalen Mayo,Secondary,5TH,86,RISING,STEADY,7,29,47,17,4,6,MEDIUM,https://uhcougars.com/sports/football/roster/jalen-mayo/10009
houston|javionwhite,Houston,Javion White,Secondary,JR,76,RISING,STEADY,8,32,48,12,4,5,MEDIUM,https://uhcougars.com/sports/football/roster/javion-white/10014
houston|jordanallen,Houston,Jordan Allen,Secondary,5TH,88,RISING,STEADY,7,29,51,13,4,5,LOW,https://uhcougars.com/sports/football/roster/jordan-allen/9838
houston|kentrellwebb,Houston,Kentrell Webb,Secondary,5TH,80,RISING,STEADY,5,24,58,13,3,5,LOW,https://uhcougars.com/sports/football/roster/kentrell-webb/9918
houston|khalillaufau,Houston,Khalil Laufau,Front Seven,SR,80,RISING,STEADY,7,29,50,14,4,5,LOW,https://uhcougars.com/sports/football/roster/khalil-laufau/9877
houston|kobyyoung,Houston,Koby Young,WR,JR,84,RISING,RISING,17,37,35,11,5,5,HIGH,https://uhcougars.com/sports/football/roster/koby-young/9926
houston|makhihughes,Houston,Makhi Hughes,RB,SR,88,RISING,STEADY,8,33,39,20,5,7,HIGH,https://uhcougars.com/sports/football/roster/makhi-hughes/10011
houston|patrickovermyer,Houston,Patrick Overmyer,TE,SR,89,RISING,STEADY,10,35,43,12,4,5,MEDIUM,https://uhcougars.com/sports/football/roster/patrick-overmyer/10015
houston|reshaunsanfordii,Houston,Re'Shaun Sanford II,RB,JR,85,RISING,BOOM/BUST,17,37,27,19,6,7,HIGH,https://uhcougars.com/sports/football/roster/reshaun-sanford-ii/9899
houston|sionefotu,Houston,Sione Fotu,Front Seven,SR,76,RISING,STEADY,7,27,54,12,4,5,LOW,https://uhcougars.com/sports/football/roster/sione-fotu/9863
houston|trentwalker,Houston,Trent Walker,WR,5TH,84,RISING,STEADY,6,27,55,12,3,5,LOW,https://uhcougars.com/sports/football/roster/trent-walker/10017
houston|willjames,Houston,Will James,Secondary,SR,88,RISING,STEADY,5,29,55,11,3,5,LOW,https://uhcougars.com/sports/football/roster/will-james/9873
indiana|amareferrell,Indiana,Amare Ferrell,Secondary,SR,89,STEADY,STEADY,4,20,60,16,3,5,LOW,https://iuhoosiers.com/sports/football/roster/amare-ferrell/20932
indiana|andrewbarker,Indiana,Andrew Barker,TE,SO,82,HIGH UPSIDE,HIGH UPSIDE,21,41,26,12,7,5,HIGH,https://iuhoosiers.com/sports/football/roster/andrew-barker/20908
indiana|byronbaldwinjr,Indiana,Byron Baldwin Jr.,Secondary,SO,76,HIGH UPSIDE,HIGH UPSIDE,18,39,30,13,6,5,HIGH,https://iuhoosiers.com/sports/football/roster/byron-baldwin-jr-/20907
indiana|charliebecker,Indiana,Charlie Becker,WR,JR,94,RISING,STEADY,8,27,49,16,4,5,MEDIUM,https://iuhoosiers.com/sports/football/roster/charlie-becker/20909
indiana|davionchandler,Indiana,Davion Chandler,WR,SO,79,RISING,RISING,14,37,36,13,6,5,HIGH,https://iuhoosiers.com/sports/football/roster/davion-chandler/20923
indiana|isaiahjones,Indiana,Isaiah Jones,Front Seven,5TH,90,RISING,STEADY,6,22,58,14,3,5,LOW,https://iuhoosiers.com/sports/football/roster/isaiah-jones/20943
indiana|jamarisharpe,Indiana,Jamari Sharpe,Secondary,5TH,88,STEADY,STEADY,5,21,57,17,3,5,LOW,https://iuhoosiers.com/sports/football/roster/jamari-sharpe/20977
indiana|joshburnham,Indiana,Josh Burnham,Front Seven,5TH,85,STEADY,STEADY,5,22,54,19,3,6,MEDIUM,https://iuhoosiers.com/sports/football/roster/josh-burnham/21050
indiana|joshhoover,Indiana,Josh Hoover,QB,5TH,90,STEADY,STEADY,5,20,56,19,3,5,LOW,https://iuhoosiers.com/sports/football/roster/josh-hoover/21051
indiana|leebeebejr,Indiana,Lee Beebe Jr.,RB,5TH,90,RISING,STEADY,9,30,44,17,4,6,MEDIUM,https://iuhoosiers.com/sports/football/roster/lee-beebe-jr-/20910
indiana|mariolandino,Indiana,Mario Landino,Front Seven,JR,82,RISING,STEADY,8,29,48,15,4,5,MEDIUM,https://iuhoosiers.com/sports/football/roster/mario-landino/20951
indiana|nickmarsh,Indiana,Nick Marsh,WR,JR,88,RISING,STEADY,10,35,44,11,5,4,MEDIUM,https://iuhoosiers.com/sports/football/roster/nick-marsh/21049
indiana|prestonzachman,Indiana,Preston Zachman,Secondary,7TH,82,STEADY,DECLINE RISK,6,22,43,29,3,7,HIGH,https://iuhoosiers.com/sports/football/roster/preston-zachman/21046
indiana|rolijahhardy,Indiana,Rolijah Hardy,Front Seven,JR,91,RISING,STEADY,5,24,60,11,3,5,LOW,https://iuhoosiers.com/sports/football/roster/rolijah-hardy/20940
indiana|rylandgandy,Indiana,Ryland Gandy,Secondary,5TH,78,STEADY,STEADY,6,22,52,20,3,5,MEDIUM,https://iuhoosiers.com/sports/football/roster/ryland-gandy/20935
indiana|tobiosunsanmi,Indiana,Tobi Osunsanmi,Front Seven,5TH,89,RISING,STEADY,6,25,51,18,3,6,MEDIUM,https://iuhoosiers.com/sports/football/roster/tobi-osunsanmi/21052
indiana|turborichard,Indiana,Turbo Richard,RB,JR,93,RISING,STEADY,10,33,43,14,5,5,MEDIUM,https://iuhoosiers.com/sports/football/roster/turbo-richard/21044
indiana|tylermorris,Indiana,Tyler Morris,WR,5TH,84,RISING,BOOM/BUST,14,31,32,23,6,6,HIGH,https://iuhoosiers.com/sports/football/roster/tyler-morris/20965
indiana|tyriquetucker,Indiana,Tyrique Tucker,Front Seven,5TH,89,STEADY,STEADY,3,19,62,16,2,5,LOW,https://iuhoosiers.com/sports/football/roster/tyrique-tucker/20985
iowa|anthonyhawkins,Iowa,Anthony Hawkins,Secondary,JR,82,RISING,RISING,12,36,40,12,5,5,MEDIUM,https://hawkeyesports.com/sports/football/roster/player/anthony-hawkins
iowa|braedenjackson,Iowa,Braeden Jackson,RB,SO,83,HIGH UPSIDE,HIGH UPSIDE,23,42,26,9,6,4,HIGH,https://hawkeyesports.com/sports/football/roster/player/braeden-jackson
iowa|cambuffington,Iowa,Cam Buffington,Front Seven,JR,85,RISING,RISING,15,39,34,12,5,5,HIGH,https://hawkeyesports.com/sports/football/roster/player/cam-buffington
iowa|deshaunlee,Iowa,Deshaun Lee,Secondary,SR,86,RISING,STEADY,7,27,52,14,3,5,LOW,https://hawkeyesports.com/sports/football/roster/player/deshaun-lee
iowa|djvonnahme,Iowa,Dj Vonnahme,TE,3RD,88,RISING,STEADY,11,32,43,14,4,6,MEDIUM,https://hawkeyesports.com/sports/football/roster/player/dj-vonnahme
iowa|evanjames,Iowa,Evan James,WR,SO,76,RISING,STEADY,12,34,40,14,5,5,HIGH,https://hawkeyesports.com/sports/football/roster/player/evan-james
iowa|hankbrown,Iowa,Hank Brown,QB,SR,82,RISING,STEADY,8,30,46,16,4,5,MEDIUM,https://hawkeyesports.com/sports/football/roster/player/hank-brown
iowa|ioseepenesa,Iowa,Iose Epenesa,Front Seven,SO,89,HIGH UPSIDE,HIGH UPSIDE,20,43,28,9,7,4,HIGH,https://hawkeyesports.com/sports/football/roster/player/lose-epenesa
iowa|jaydenmontgomery,Iowa,Jayden Montgomery,Front Seven,5TH,82,RISING,STEADY,7,28,52,13,3,5,LOW,https://hawkeyesports.com/sports/football/roster/player/jayden-montgomery
iowa|jaylenwatson,Iowa,Jaylen Watson,Secondary,3RD,84,RISING,RISING,15,38,35,12,5,5,MEDIUM,https://hawkeyesports.com/sports/football/roster/player/jaylen-watson
iowa|kahmaribrown,Iowa,Kahmari Brown,Front Seven,JR,78,RISING,RISING,12,34,36,18,5,6,HIGH,https://hawkeyesports.com/sports/football/roster/player/kahmari-brown
iowa|kamarimoulton,Iowa,Kamari Moulton,RB,SR,89,RISING,STEADY,9,28,46,17,4,6,MEDIUM,https://hawkeyesports.com/sports/football/roster/player/kamari-moulton
iowa|kennethmerrieweather,Iowa,Kenneth Merrieweather,Front Seven,SR,84,RISING,RISING,16,39,32,13,5,5,MEDIUM,https://hawkeyesports.com/sports/football/roster/player/kenneth-merrieweather
iowa|ljphillipsjr,Iowa,L.J. Phillips Jr.,RB,SR,80,RISING,BOOM/BUST,13,35,29,23,5,7,HIGH,https://hawkeyesports.com/sports/football/roster/player/lj-phillips-jr
iowa|rashadgodfreyjr,Iowa,Rashad Godfrey Jr.,Secondary,JR,76,RISING,BOOM/BUST,17,34,32,17,5,6,HIGH,https://hawkeyesports.com/sports/football/roster/player/rashad-godfrey-jr
iowa|reecevanderzee,Iowa,Reece Vander Zee,WR,JR,84,RISING,RISING,13,35,37,15,5,5,MEDIUM,https://hawkeyesports.com/sports/football/roster/player/reece-vander-zee
iowa|tonydiaz,Iowa,Tony Diaz,WR,JR,79,RISING,RISING,12,36,38,14,5,6,MEDIUM,https://hawkeyesports.com/sports/football/roster/player/tony-diaz
iowa|zachlutmer,Iowa,Zach Lutmer,Secondary,SR,88,RISING,STEADY,5,24,55,16,3,5,LOW,https://hawkeyesports.com/sports/football/roster/player/zach-lutmer
lsu|dashawnspears,LSU,Dashawn Spears,Secondary,JR,79,RISING,STEADY,9,31,47,13,4,5,MEDIUM,https://lsusports.net/sports/fb/roster/player/dashawn-spears
lsu|deucegeralds,LSU,Deuce Geralds,Front Seven,FR,88,HIGH UPSIDE,HIGH UPSIDE,20,41,27,12,8,5,HIGH,https://lsusports.net/sports/fb/roster/player/deuce-geralds
lsu|dilinjones,LSU,Dilin Jones,RB,SO,87,RISING,BOOM/BUST,17,35,31,17,6,6,HIGH,https://lsusports.net/sports/fb/roster/player/dilin-jones
lsu|djpickett,LSU,DJ Pickett,Secondary,SO,89,RISING,STEADY,6,30,51,13,4,5,MEDIUM,https://lsusports.net/sports/fb/roster/player/dj-pickett
lsu|dylancarpenter,LSU,Dylan Carpenter,Front Seven,JR,78,RISING,RISING,13,35,36,16,5,5,MEDIUM,https://lsusports.net/sports/fb/roster/player/dylan-carpenter
lsu|eugenewilsoniii,LSU,Eugene Wilson III,WR,JR,82,RISING,STEADY,12,33,31,24,5,7,HIGH,https://lsusports.net/sports/fb/roster/player/eugene-wilson-iii
lsu|jacksonharris,LSU,Jackson Harris,WR,JR,85,RISING,STEADY,10,32,41,17,5,5,MEDIUM,https://lsusports.net/sports/fb/roster/player/jackson-harris
lsu|jordanross,LSU,Jordan Ross,Front Seven,JR,82,RISING,RISING,17,36,32,15,6,5,HIGH,https://lsusports.net/sports/fb/roster/player/jordan-ross
lsu|pjwoodland,LSU,Pj Woodland,Secondary,JR,78,RISING,STEADY,5,23,59,13,3,5,LOW,https://lsusports.net/sports/fb/roster/season/2025/player/pj-woodland
lsu|princewillumanmielen,LSU,Princewill Umanmielen,Front Seven,SR,98,STEADY,STEADY,2,14,66,18,1,5,LOW,https://lsusports.net/sports/fb/roster/season/2026/player/princewill-umanmielen
lsu|samleavitt,LSU,Sam Leavitt,QB,JR,84,RISING,STEADY,10,28,47,15,4,5,MEDIUM,https://lsusports.net/sports/fb/roster/season/2026/player/sam-leavitt
lsu|stacygage,LSU,Stacy Gage,RB,SO,77,HIGH UPSIDE,HIGH UPSIDE,21,41,25,13,7,5,HIGH,https://lsusports.net/sports/fb/roster/player/stacy-gage
lsu|tamarcuscooley,LSU,Tamarcus Cooley,Secondary,JR,80,RISING,STEADY,5,23,58,14,3,5,LOW,https://lsusports.net/sports/fb/roster/player/tamarcus-cooley
lsu|tjdottery,LSU,TJ Dottery,Front Seven,5TH,84,STEADY,STEADY,3,17,63,17,2,5,LOW,https://lsusports.net/sports/fb/roster/player/tj-dottery
lsu|treydezgreen,LSU,Trey'Dez Green,TE,JR,97,STEADY,STEADY,3,19,59,19,2,5,LOW,https://lsusports.net/sports/fb/roster/season/2025/player/treydez-green | https://lsusports.net/news/2026/08/27/footballs-green-whit-weeks-to-wear-no-7-in-2026
lsu|tybenefield,LSU,Ty Benefield,Secondary,SR,90,RISING,STEADY,6,23,54,17,4,5,LOW,https://lsusports.net/sports/fb/roster/player/ty-benefield
lsu|whitweeks,LSU,Whit Weeks,Front Seven,SR,89,STEADY,STEADY,7,22,50,21,4,6,MEDIUM,https://lsusports.net/sports/fb/roster/player/whit-weeks | https://lsusports.net/news/2026/08/27/footballs-green-whit-weeks-to-wear-no-7-in-2026
lsu|winstonwatkinsjr,LSU,Winston Watkins Jr.,WR,SO,89,RISING,RISING,15,38,35,12,6,5,HIGH,https://lsusports.net/sports/fb/roster/player/winston-watkins-jr
miami|ahmadmoten,Miami,Ahmad Moten,Front Seven,SR,89,STEADY,STEADY,4,21,54,21,3,5,LOW,https://miamihurricanes.com/news/2026/08/21/moten-wilson-named-to-bednarik-award-watch-list | https://miamihurricanes.com/news/2026/07/20/moten-named-nominee-for-allstate-afca-good-works-team
miami|armondoblount,Miami,Armondo Blount,Front Seven,JR,82,RISING,RISING,16,37,34,13,6,5,HIGH,https://miamihurricanes.com/sports/football/roster/player/armondo-blount
miami|brycefitzgerald,Miami,Bryce Fitzgerald,Secondary,SO,89,RISING,STEADY,6,28,55,11,4,4,MEDIUM,https://miamihurricanes.com/sports/football/roster/season/2026-27/player/bryce-fitzgerald
miami|charmarbrown,Miami,CharMar Brown,RB,JR,84,RISING,STEADY,10,33,42,15,5,5,MEDIUM,https://miamihurricanes.com/sports/football/roster/season/2025-26/player/charmar-brown
miami|chasesmith,Miami,Chase Smith,Front Seven,SR,85,STEADY,STEADY,5,23,52,20,3,6,MEDIUM,https://miamihurricanes.com/sports/football/roster/season/2026-27/player/chase-smith
miami|cooperbarkate,Miami,Cooper Barkate,WR,SR,86,STEADY,STEADY,3,19,58,20,2,6,MEDIUM,https://miamihurricanes.com/sports/football/roster/player/cooper-barkate
miami|damaribrown,Miami,Damari Brown,Secondary,JR,82,RISING,STEADY,11,32,41,16,5,6,HIGH,https://miamihurricanes.com/sports/football/roster/season/2025-26/player/damari-brown
miami|damonwilsonii,Miami,Damon Wilson II,Front Seven,SR,89,RISING,STEADY,8,25,47,20,4,5,MEDIUM,https://miamihurricanes.com/sports/football/roster/player/damon-wilson-ii | https://miamihurricanes.com/news/2026/08/21/moten-wilson-named-to-bednarik-award-watch-list
miami|darianmensah,Miami,Darian Mensah,QB,JR,97,STEADY,STEADY,3,14,69,14,2,4,LOW,https://miamihurricanes.com/sports/football/roster/player/darian-mensah
miami|elijalofton,Miami,Elija Lofton,TE,JR,84,RISING,STEADY,11,36,40,13,5,5,MEDIUM,https://miamihurricanes.com/sports/football/roster/season/2025-26/player/elija-lofton
miami|javianmallory,Miami,Javian Mallory,RB,FR,84,HIGH UPSIDE,HIGH UPSIDE,23,41,25,11,8,5,HIGH,https://miamihurricanes.com/sports/football/roster/player/javian-mallory
miami|joshuamoore,Miami,Joshua Moore,WR,SO,80,RISING,RISING,16,38,34,12,6,5,HIGH,https://miamihurricanes.com/sports/football/roster/season/2025-26/player/joshua-moore
miami|malachitoney,Miami,Malachi Toney,WR,SO,98,STEADY,STEADY,3,16,66,15,1,5,MEDIUM,https://miamihurricanes.com/sports/football/roster/season/2026-27/player/malachi-toney
miami|markfletcherjr,Miami,Mark Fletcher Jr.,RB,SR,92,RISING,STEADY,7,26,51,16,4,5,MEDIUM,https://miamihurricanes.com/sports/football/roster | https://miamihurricanes.com/sports/football/roster/season/2024-25/player/mark-fletcher-jr
miami|marquiselightfoot,Miami,Marquise Lightfoot,Front Seven,JR,90,RISING,RISING,12,35,39,14,5,5,MEDIUM,https://miamihurricanes.com/sports/football/roster/season/2025-26/player/marquise-lightfoot
miami|mohamedtoure,Miami,Mohamed Toure,Front Seven,8TH,84,DECLINE RISK,DECLINE RISK,1,9,50,40,1,7,LOW,https://miamihurricanes.com/sports/football/roster/player/mohamed-toure | https://www.reuters.com/sports/reports-miami-lb-mohamed-toure-plans-return-8th-season--flm-2026-01-25/
miami|omarthornton,Miami,Omar Thornton,Secondary,JR,79,RISING,STEADY,8,27,51,14,4,5,MEDIUM,https://miamihurricanes.com/sports/football/roster/player/omar-thornton
miami|xavierlucas,Miami,Xavier Lucas,Secondary,JR,86,RISING,STEADY,7,27,52,14,4,5,MEDIUM,https://miamihurricanes.com/sports/football/roster/season/2025-26/player/xavier-lucas
miami|zechariahpoyser,Miami,Zechariah Poyser,Secondary,JR,82,RISING,STEADY,5,24,54,17,3,5,LOW,https://miamihurricanes.com/sports/football/roster/season/2025-26/player/zechariah-poyser
mississippi-state|amareewilliams,Mississippi State,Amaree Williams,Front Seven,JR,79,RISING,RISING,13,37,39,11,5,5,MEDIUM,https://hailstate.com/sports/football/roster/amaree-williams/12985
mississippi-state|anthonyevansiii,Mississippi State,Anthony Evans III,WR,SR,93,RISING,STEADY,8,30,48,14,4,5,MEDIUM,https://hailstate.com/sports/football/roster/anthony-evans-iii/12875
mississippi-state|djreed,Mississippi State,DJ Reed,Front Seven,JR,80,RISING,RISING,15,38,35,12,5,5,MEDIUM,https://hailstate.com/sports/football/roster/dj-reed/12911
mississippi-state|fluffbothwell,Mississippi State,Fluff Bothwell,RB,JR,91,RISING,STEADY,8,28,48,16,4,6,MEDIUM,https://hailstate.com/sports/football/roster/fluff-bothwell/12865
mississippi-state|isaacsmith,Mississippi State,Isaac Smith,Secondary,SR,86,RISING,STEADY,5,23,56,16,3,5,LOW,https://hailstate.com/sports/football/roster/isaac-smith/12919
mississippi-state|jjhill,Mississippi State,J.J. Hill,RB,FR,75,HIGH UPSIDE,HIGH UPSIDE,24,43,26,7,7,4,HIGH,https://hailstate.com/sports/football/roster/jaeden-hill/13007
mississippi-state|jalensmith,Mississippi State,Jalen Smith,Front Seven,JR,76,RISING,STEADY,12,34,40,14,5,5,MEDIUM,https://hailstate.com/sports/football/roster/jalen-smith/12920
mississippi-state|jaraybledsoe,Mississippi State,Jaray Bledsoe,Front Seven,5TH,81,RISING,STEADY,8,29,47,16,4,6,MEDIUM,https://hailstate.com/sports/football/roster/jaray-bledsoe/12863
mississippi-state|jardingilbert,Mississippi State,Jardin Gilbert,Secondary,6TH,82,RISING,STEADY,7,26,49,18,4,6,MEDIUM,https://hailstate.com/sports/football/roster/jardin-gilbert/13004
mississippi-state|jettjefferson,Mississippi State,Jett Jefferson,Secondary,JR,89,RISING,RISING,15,38,33,14,5,6,HIGH,https://hailstate.com/sports/football/roster/amarien-jefferson/12887
mississippi-state|kamariotaylor,Mississippi State,Kamario Taylor,QB,SO,96,RISING,STEADY,7,29,48,16,3,6,HIGH,https://hailstate.com/sports/football/roster/taylor-kamario/12925 | https://www.sbnation.com/college-football/1130874/kamario-taylor-keelon-russell-recruiting-alabama-mississippi-state
mississippi-state|kelleyjones,Mississippi State,Kelley Jones,Secondary,SR,93,RISING,STEADY,4,23,59,14,3,5,LOW,https://hailstate.com/sports/football/roster/kelley-jones/12892
mississippi-state|kolinwilson,Mississippi State,Kolin Wilson,RB,FR,80,HIGH UPSIDE,HIGH UPSIDE,22,41,27,10,6,4,HIGH,https://hailstate.com/sports/football/roster/kolin-wilson/12936
mississippi-state|marcuswilliams,Mississippi State,Marcus Williams,Secondary,6TH,80,RISING,STEADY,7,28,47,18,4,6,MEDIUM,https://hailstate.com/sports/football/roster/marcus-williams/13017
mississippi-state|marquisjohnson,Mississippi State,Marquis Johnson,WR,SR,84,RISING,RISING,11,35,38,16,5,6,MEDIUM,https://hailstate.com/sports/football/roster/marquis-johnson/12982
mississippi-state|samwest,Mississippi State,Sam West,TE,JR,80,RISING,RISING,17,39,31,13,5,5,MEDIUM,https://hailstate.com/sports/football/roster/sam-west/12929
mississippi-state|sanfriscomagee,Mississippi State,Sanfrisco Magee,WR,SO,82,RISING,RISING,17,39,33,11,6,5,HIGH,https://hailstate.com/sports/football/roster/sanfrisco-magee/12899
mississippi-state|willwhitson,Mississippi State,Will Whitson,Front Seven,7TH,83,STEADY,DECLINE RISK,6,25,47,22,3,7,HIGH,https://hailstate.com/sports/football/roster/will-whitson/12391
mississippi-state|zakaritillman,Mississippi State,Zakari Tillman,Front Seven,SR,78,RISING,STEADY,8,29,43,20,4,6,HIGH,https://hailstate.com/sports/football/roster/zakari-tillman/12926
mississippi-state|zionragins,Mississippi State,Zion Ragins,WR,SO,80,RISING,RISING,16,40,34,10,6,5,HIGH,https://hailstate.com/sports/football/roster/zion-ragins/13027
missouri|ahmadhardy,Missouri,Ahmad Hardy,RB,JR,92,STEADY,STEADY,4,19,64,13,2,5,LOW,https://mutigers.com/sports/football/roster/season/2026/player/ahmad-hardy
missouri|austinsimmons,Missouri,Austin Simmons,QB,SR,91,RISING,STEADY,14,32,39,15,6,5,HIGH,https://mutigers.com/sports/football/roster | https://www.reuters.com/sports/top-25-roundup-cj-carrs-5-td-day-leads-no-3-notre-dame-over-unc--flm-2026-10-03/
missouri|brettnorfleet,Missouri,Brett Norfleet,TE,SR,86,RISING,STEADY,6,27,54,13,3,5,LOW,https://mutigers.com/sports/football/roster/season/2026/player/brett-norfleet
missouri|caydenlee,Missouri,Cayden Lee,WR,SR,93,RISING,STEADY,7,31,48,14,4,5,MEDIUM,https://mutigers.com/sports/football/roster/season/2026/player/cayden-lee
missouri|chrisgravesjr,Missouri,Chris Graves Jr.,Secondary,5TH,85,RISING,STEADY,8,28,46,18,4,6,MEDIUM,https://mutigers.com/sports/football/roster/season/2026/player/chris-graves-jr
missouri|daedenhopkins,Missouri,Daeden Hopkins,Front Seven,SO,92,HIGH UPSIDE,HIGH UPSIDE,20,41,27,12,6,5,HIGH,https://mutigers.com/sports/football/roster/season/2026/player/daeden-hopkins
missouri|donovanolugbode,Missouri,Donovan Olugbode,WR,SO,91,RISING,RISING,13,38,39,10,5,4,MEDIUM,https://mutigers.com/sports/football/roster/season/2026/player/donovan-olugbode
missouri|jalenmarshall,Missouri,Jalen Marshall,Front Seven,5TH,78,RISING,STEADY,11,35,39,15,4,6,MEDIUM,https://mutigers.com/sports/football/roster/season/2026/player/jalen-marshall
missouri|jamalroberts,Missouri,Jamal Roberts,RB,SR,89,RISING,STEADY,6,30,51,13,3,5,LOW,https://mutigers.com/sports/football/roster/season/2026/player/jamal-roberts
missouri|kensleylouidorfaustin,Missouri,Kensley Louidor-Faustin,Secondary,JR,76,RISING,STEADY,12,36,41,11,5,5,MEDIUM,https://mutigers.com/sports/football/roster/season/2026/player/kensley-louidor-faustin
missouri|langdenkitchen,Missouri,Langden Kitchen,Front Seven,SR,80,RISING,BOOM/BUST,14,39,30,17,5,6,HIGH,https://mutigers.com/sports/football/roster/season/2026/player/langden-kitchen
missouri|marquisgracial,Missouri,Marquis Gracial,Front Seven,5TH,82,RISING,STEADY,10,32,44,14,4,5,MEDIUM,https://mutigers.com/sports/football/roster/player/marquis-gracial
missouri|naeshaunmontgomery,Missouri,Naeshaun Montgomery,WR,SO,80,HIGH UPSIDE,HIGH UPSIDE,19,40,30,11,6,5,HIGH,https://mutigers.com/sports/football/roster/season/2026/player/naeshaun-montgomery
missouri|nicholasrodriguez,Missouri,Nicholas Rodriguez,Front Seven,JR,90,RISING,STEADY,9,33,45,13,4,5,MEDIUM,https://mutigers.com/sports/football/roster/season/2026/player/nicholas-rodriguez
missouri|robertwoodyardjr,Missouri,Robert Woodyard Jr.,Front Seven,SR,87,RISING,STEADY,8,30,47,15,4,5,MEDIUM,https://mutigers.com/sports/football/roster/season/2026/player/robert-woodyard-jr
missouri|santanabanner,Missouri,Santana Banner,Secondary,SR,82,RISING,STEADY,8,27,53,12,4,5,LOW,https://mutigers.com/sports/football/roster/season/2026/player/santana-banner
missouri|sionelaulea,Missouri,Sione Laulea,Secondary,5TH,89,RISING,STEADY,11,34,39,16,5,6,HIGH,https://mutigers.com/sports/football/roster/season/2026/player/sione-laulea
missouri|trajengreco,Missouri,Trajen Greco,Secondary,JR,80,RISING,RISING,15,38,35,12,5,5,MEDIUM,https://mutigers.com/sports/football/roster/season/2026/player/trajen-greco
missouri|xaishaunedwards,Missouri,Xai'Shaun Edwards,RB,JR,75,RISING,STEADY,11,32,38,19,5,6,HIGH,https://mutigers.com/sports/football/roster/player/xaishaun-edwards
notre-dame|adonshuler,Notre Dame,Adon Shuler,Secondary,SR,89,STEADY,STEADY,4,20,60,16,2,5,LOW,https://fightingirish.com/sports/football/roster/player/adon-shuler
notre-dame|aneyaswilliams,Notre Dame,Aneyas Williams,RB,JR,86,RISING,STEADY,11,33,43,13,5,5,MEDIUM,https://fightingirish.com/sports/football/roster/player/aneyas-williams
notre-dame|boubacartraore,Notre Dame,Boubacar Traore,Front Seven,SR,90,RISING,STEADY,9,26,45,20,4,7,MEDIUM,https://fightingirish.com/sports/football/roster/season/2025-26/player/boubacar-traore
notre-dame|brauntaejohnson,Notre Dame,Brauntae Johnson,Secondary,JR,88,RISING,STEADY,5,23,60,12,3,5,LOW,https://fightingirish.com/sports/football/roster/player/tae-johnson
notre-dame|bryceyoung,Notre Dame,Bryce Young,Front Seven,JR,88,RISING,RISING,12,36,39,13,5,5,MEDIUM,https://fightingirish.com/sports/mission24k/roster/season/2025-26/player/bryce-young
notre-dame|christiangray,Notre Dame,Christian Gray,Secondary,SR,77,RISING,STEADY,4,23,60,13,3,5,LOW,https://fightingirish.com/sports/football/roster/player/christian-gray
notre-dame|cjcarr,Notre Dame,CJ Carr,QB,JR,95,RISING,STEADY,8,25,51,16,4,5,MEDIUM,https://fightingirish.com/sports/football/roster/season/2025-26/player/cj-carr
notre-dame|cooperflanagan,Notre Dame,Cooper Flanagan,TE,SR,78,RISING,STEADY,5,25,52,18,3,5,MEDIUM,https://fightingirish.com/sports/football/roster/player/cooper-flanagan
notre-dame|djmckinney,Notre Dame,DJ McKinney,Secondary,5TH,86,STEADY,DECLINE RISK,4,19,54,23,3,5,MEDIUM,https://fightingirish.com/sports/football/roster/player/dj-mckinney
notre-dame|draykbowen,Notre Dame,Drayk Bowen,Front Seven,SR,88,STEADY,STEADY,3,19,62,16,2,5,LOW,https://fightingirish.com/sports/football/roster/player/drayk-bowen
notre-dame|jaidenausberry,Notre Dame,Jaiden Ausberry,Front Seven,SR,86,RISING,STEADY,7,30,48,15,4,5,MEDIUM,https://fightingirish.com/sports/football/roster/player/jaiden-ausberry
notre-dame|jordanfaison,Notre Dame,Jordan Faison,WR,SR,88,STEADY,STEADY,4,19,62,15,3,5,LOW,https://fightingirish.com/sports/football/roster/player/jordan-faison
notre-dame|keonkeeley,Notre Dame,Keon Keeley,Front Seven,SR,84,RISING,STEADY,13,31,38,18,5,6,MEDIUM,https://fightingirish.com/sports/football/roster/player/keon-keeley
notre-dame|kyngstonnviliamuasa,Notre Dame,Kyngstonn Viliamu-Asa,Front Seven,JR,91,RISING,STEADY,8,28,49,15,4,5,MEDIUM,https://fightingirish.com/sports/football/roster/season/2024-25/player/kyngstonn-viliamu-asa
notre-dame|leonardmoore,Notre Dame,Leonard Moore,Secondary,JR,98,STEADY,STEADY,3,15,65,17,1,4,LOW,https://fightingirish.com/sports/football/roster/player/leonard-moore
notre-dame|luketalich,Notre Dame,Luke Talich,Secondary,SR,86,RISING,STEADY,7,23,53,17,4,5,MEDIUM,https://fightingirish.com/sports/football/roster/player/luke-talich
notre-dame|micahgilbert,Notre Dame,Micah Gilbert,WR,JR,82,RISING,RISING,17,37,31,15,6,5,HIGH,https://fightingirish.com/sports/football/roster/player/micah-gilbert
notre-dame|mylangraham,Notre Dame,Mylan Graham,WR,JR,80,HIGH UPSIDE,HIGH UPSIDE,18,37,30,15,6,5,HIGH,https://fightingirish.com/sports/football/roster/player/mylan-graham
notre-dame|nolanjamesjr,Notre Dame,Nolan James Jr.,RB,SO,80,RISING,RISING,16,39,33,12,6,5,HIGH,https://fightingirish.com/sports/football/roster/season/2025-26/player/nolan-james-jr
ohio-state|bojackson,Ohio State,Bo Jackson,RB,SO,91,RISING,STEADY,10,36,43,11,5,5,MEDIUM,https://ohiostatebuckeyes.com/sports/football/roster/bo-jackson/13305
ohio-state|brandoninniss,Ohio State,Brandon Inniss,WR,SR,86,RISING,STEADY,11,30,42,17,5,5,MEDIUM,https://ohiostatebuckeyes.com/sports/football/roster/innissbrandon/13304
ohio-state|chrishenryjr,Ohio State,Chris Henry Jr.,WR,FR,79,HIGH UPSIDE,HIGH UPSIDE,19,40,28,13,8,5,HIGH,https://ohiostatebuckeyes.com/sports/football/roster/chris-henry-jr/13356
ohio-state|christianalliegro,Ohio State,Christian Alliegro,Front Seven,SR,82,RISING,STEADY,7,24,52,17,3,5,MEDIUM,https://ohiostatebuckeyes.com/sports/football/roster/christian-alliegro/13355
ohio-state|devinmccuin,Ohio State,Devin McCuin,WR,SR,85,RISING,STEADY,9,32,41,18,5,5,MEDIUM,https://ohiostatebuckeyes.com/sports/football/roster/devin-mccuin/13347
ohio-state|devinsanchez,Ohio State,Devin Sanchez,Secondary,SO,86,RISING,STEADY,10,34,43,13,5,4,MEDIUM,https://ohiostatebuckeyes.com/sports/football/roster/devin-sanchez/13330
ohio-state|earllittlejr,Ohio State,Earl Little Jr.,Secondary,5TH,85,STEADY,DECLINE RISK,4,19,54,23,3,6,MEDIUM,https://ohiostatebuckeyes.com/sports/football/roster/earl-little%20jr./13345
ohio-state|eddrickhouston,Ohio State,Eddrick Houston,Front Seven,JR,83,RISING,STEADY,9,30,47,14,4,5,MEDIUM,https://ohiostatebuckeyes.com/sports/football/roster/eddrick-houston/13302
ohio-state|jakobijackson,Ohio State,Ja'Kobi Jackson,RB,5TH,86,STEADY,DECLINE RISK,9,24,43,24,4,7,HIGH,https://ohiostatebuckeyes.com/sports/football/roster/jakobi-jackson/13364
ohio-state|jaytimmons,Ohio State,Jay Timmons,Secondary,FR,86,RISING,STEADY,13,33,42,12,6,5,HIGH,https://ohiostatebuckeyes.com/sports/football/roster/jay-timmons/13365
ohio-state|jaylenmcclain,Ohio State,Jaylen McClain,Secondary,JR,87,RISING,STEADY,7,25,53,15,4,5,LOW,https://ohiostatebuckeyes.com/sports/football/roster/jaylen-mcclain/13317
ohio-state|jeremiahsmith,Ohio State,Jeremiah Smith,WR,JR,99,STEADY,STEADY,4,18,62,16,0,5,LOW,https://ohiostatebuckeyes.com/sports/football/roster/jeremiah-smith/13335 | https://www.cbssports.com/nfl/draft/mock-draft/
ohio-state|jermainemathewsjr,Ohio State,Jermaine Mathews Jr.,Secondary,SR,93,STEADY,STEADY,4,21,59,16,3,5,LOW,https://ohiostatebuckeyes.com/sports/football/roster/jermaine-mathews%2520jr./13316
ohio-state|johnwalker,Ohio State,John Walker,Front Seven,SR,84,RISING,STEADY,8,28,48,16,4,5,MEDIUM,https://ohiostatebuckeyes.com/sports/football/roster/john-walker/13376
ohio-state|juliansayin,Ohio State,Julian Sayin,QB,JR,93,STEADY,STEADY,4,20,61,15,2,5,LOW,https://ohiostatebuckeyes.com/sports/football/roster/julian-sayin/13331
ohio-state|kenyattajacksonjr,Ohio State,Kenyatta Jackson Jr.,Front Seven,5TH,89,STEADY,STEADY,3,19,62,16,2,5,LOW,https://ohiostatebuckeyes.com/sports/football/roster/kenyatta-jackson-jr/13306
ohio-state|nateroberts,Ohio State,Nate Roberts,TE,SO,82,RISING,RISING,16,40,32,12,6,5,HIGH,https://ohiostatebuckeyes.com/sports/football/roster/nate-roberts/13326
ohio-state|paytonpierce,Ohio State,Payton Pierce,Front Seven,JR,84,RISING,STEADY,9,30,48,13,4,5,MEDIUM,https://ohiostatebuckeyes.com/sports/football/roster/payton-pierce/13324
ohio-state|rileypettijohn,Ohio State,Riley Pettijohn,Front Seven,SO,88,RISING,RISING,14,38,37,11,6,5,HIGH,https://ohiostatebuckeyes.com/sports/football/roster/riley-pettijohn/13323
oklahoma-state|calebhawkins,Oklahoma State,Caleb Hawkins,RB,SO,94,RISING,STEADY,7,28,56,9,4,5,MEDIUM,https://okstate.com/sports/football/roster/caleb-hawkins/14352
oklahoma-state|carsonkolb,Oklahoma State,Carson Kolb,TE,SO,75,HIGH UPSIDE,HIGH UPSIDE,19,41,28,12,6,5,HIGH,https://okstate.com/sports/football/roster/carson-kolb/14405
oklahoma-state|chrisbarnes,Oklahoma State,Chris Barnes,WR,SO,81,RISING,RISING,11,36,39,14,5,6,HIGH,https://okstate.com/sports/football/roster/chris-barnes/14354
oklahoma-state|christianbodnar,Oklahoma State,Christian Bodnar,Secondary,JR,76,RISING,RISING,12,35,35,18,5,7,HIGH,https://okstate.com/sports/football/roster/christian-bodnar/14356
oklahoma-state|drewmestemaker,Oklahoma State,Drew Mestemaker,QB,SO,92,RISING,STEADY,7,28,49,16,4,5,MEDIUM,https://okstate.com/sports/football/roster/drew-mestemaker/14374
oklahoma-state|evanjackson,Oklahoma State,Evan Jackson,Secondary,SR,82,RISING,STEADY,7,29,52,12,4,5,LOW,https://okstate.com/sports/football/roster/evan-jackson/14350
oklahoma-state|imanoates,Oklahoma State,Iman Oates,Front Seven,SR,80,RISING,STEADY,9,31,43,17,4,6,MEDIUM,https://okstate.com/sports/football/roster/iman-oates/14414
oklahoma-state|isaiahchisom,Oklahoma State,Isaiah Chisom,Front Seven,JR,77,RISING,STEADY,7,31,50,12,4,5,LOW,https://okstate.com/sports/football/roster/isaiah-chisom/14359
oklahoma-state|jaleeljohnson,Oklahoma State,Jaleel Johnson,Front Seven,SR,84,RISING,BOOM/BUST,13,36,31,20,5,7,HIGH,https://okstate.com/sports/football/roster/jaleel-johnson/14295
oklahoma-state|jameswilliams,Oklahoma State,James Williams,Front Seven,SR,78,RISING,RISING,12,36,36,16,5,6,MEDIUM,https://okstate.com/sports/football/roster/james-williams/14384
oklahoma-state|justinbowick,Oklahoma State,Justin Bowick,WR,SR,88,RISING,STEADY,7,27,48,18,4,7,MEDIUM,https://okstate.com/sports/football/roster/justin-bowick/14357
oklahoma-state|ladainianfields,Oklahoma State,LaDainian Fields,Secondary,SO,84,RISING,RISING,13,37,38,12,5,5,MEDIUM,https://okstate.com/sports/football/roster/ladainian-fields/14278
oklahoma-state|mohorn,Oklahoma State,Mo Horn,Secondary,SR,84,RISING,STEADY,11,33,36,20,5,7,HIGH,https://okstate.com/sports/football/roster/mo-horn/14365
oklahoma-state|quintonhammonds,Oklahoma State,Quinton Hammonds,Secondary,JR,80,RISING,STEADY,11,35,42,12,5,5,MEDIUM,https://okstate.com/sports/football/roster/quinton-hammonds/14339
oklahoma-state|saadiqclements,Oklahoma State,Saadiq Clements,Front Seven,JR,82,RISING,STEADY,12,34,40,14,5,6,MEDIUM,https://okstate.com/sports/football/roster/saadiq-clements/14360
oklahoma-state|tateromney,Oklahoma State,Tate Romney,Front Seven,SR,76,RISING,STEADY,10,29,38,23,4,7,HIGH,https://okstate.com/sports/football/roster/tate-romney/14380
oklahoma-state|terrencelewis,Oklahoma State,Terrence Lewis,WR,SO,77,HIGH UPSIDE,HIGH UPSIDE,20,39,30,11,6,5,HIGH,https://okstate.com/sports/football/roster/terrence-lewis/14343
oklahoma-state|trepageiii,Oklahoma State,Tre Page III,RB,SO,75,RISING,RISING,15,37,34,14,5,6,HIGH,https://okstate.com/sports/football/roster/tre-page-iii/14375
oklahoma-state|wyattyoung,Oklahoma State,Wyatt Young,WR,JR,94,RISING,STEADY,8,32,48,12,4,5,MEDIUM,https://okstate.com/sports/football/roster/wyatt-young/14351
ole-miss|antoniokite,Ole Miss,Antonio Kite,Secondary,5TH,84,RISING,STEADY,7,28,50,15,4,5,LOW,https://olemisssports.com/sports/football/roster/antonio-kite/6483
ole-miss|calebodom,Ole Miss,Caleb Odom,TE,JR,83,RISING,RISING,12,37,39,12,5,5,MEDIUM,https://olemisssports.com/sports/football/roster/caleb-odom/6492
ole-miss|deucealexander,Ole Miss,Deuce Alexander,WR,SR,93,RISING,STEADY,8,31,49,12,4,5,MEDIUM,https://olemisssports.com/sports/football/roster/deuce-alexander/6437
ole-miss|edwinjoseph,Ole Miss,Edwin Joseph,Secondary,SR,76,RISING,STEADY,7,27,52,14,4,5,LOW,https://olemisssports.com/sports/football/roster/edwin-joseph/6589
ole-miss|horatiofields,Ole Miss,Horatio Fields,WR,5TH,84,RISING,BOOM/BUST,13,32,34,21,5,7,HIGH,https://olemisssports.com/sports/football/roster/horatio-fields/6584
ole-miss|jamariousbrown,Ole Miss,Jamarious Brown,Front Seven,SR,89,RISING,STEADY,8,30,48,14,4,5,MEDIUM,https://olemisssports.com/sports/football/roster/jamarious-brown/6451
ole-miss|jaylonbraxton,Ole Miss,Jaylon Braxton,Secondary,SR,84,RISING,STEADY,8,30,48,14,4,5,MEDIUM,https://olemisssports.com/sports/football/roster/jaylon-braxton/6449
ole-miss|joenelaguero,Ole Miss,Joenel Aguero,Secondary,SR,80,RISING,STEADY,7,27,54,12,3,5,LOW,https://olemisssports.com/sports/football/roster/joenel-aguero/6557
ole-miss|johntaycookii,Ole Miss,Johntay Cook II,WR,SR,82,RISING,STEADY,10,34,41,15,4,6,MEDIUM,https://olemisssports.com/sports/football/roster/johntay-cook-ii/6567
ole-miss|kamfranklin,Ole Miss,Kam Franklin,Front Seven,JR,84,RISING,STEADY,7,29,52,12,3,5,LOW,https://olemisssports.com/sports/football/roster/kam-franklin/6469
ole-miss|keatonthomas,Ole Miss,Keaton Thomas,Front Seven,5TH,88,RISING,STEADY,5,22,58,15,3,5,LOW,https://olemisssports.com/sports/football/roster/keaton-thomas/6570
ole-miss|kewanlacy,Ole Miss,Kewan Lacy,RB,JR,91,STEADY,DECLINE RISK,4,16,58,22,3,6,MEDIUM,https://olemisssports.com/sports/football/roster/kewan-lacy/6486 | https://www.reuters.com/sports/ole-miss-rb-kewan-lacy-expected-return-vs-vanderbilt--flm-2026-10-05/
ole-miss|lukeferrelli,Ole Miss,Luke Ferrelli,Front Seven,JR,82,RISING,STEADY,8,33,47,12,4,5,MEDIUM,https://olemisssports.com/sports/football/roster/luke-ferrelli/6583
ole-miss|lukehasz,Ole Miss,Luke Hasz,TE,SR,86,RISING,BOOM/BUST,13,35,32,20,5,7,HIGH,https://olemisssports.com/sports/football/roster/luke-hasz/6475
ole-miss|makhifrazier,Ole Miss,Makhi Frazier,RB,JR,81,RISING,RISING,12,38,36,14,5,5,MEDIUM,https://olemisssports.com/sports/football/roster/makhi-frazier/6585
ole-miss|sharifdenson,Ole Miss,Sharif Denson,Secondary,SR,82,RISING,STEADY,8,29,49,14,4,5,LOW,https://olemisssports.com/sports/football/roster/sharif-denson/6574
ole-miss|suntarineperkins,Ole Miss,Suntarine Perkins,Front Seven,SR,90,STEADY,STEADY,4,21,61,14,2,5,LOW,https://olemisssports.com/sports/football/roster/suntarine-perkins/6496
ole-miss|traylonray,Ole Miss,Traylon Ray,WR,SR,80,RISING,BOOM/BUST,13,34,31,22,5,7,HIGH,https://olemisssports.com/sports/football/roster/traylon-ray/6498
ole-miss|trinidadchambliss,Ole Miss,Trinidad Chambliss,QB,SR,98,DECLINE RISK,STEADY,2,11,68,19,1,4,LOW,https://olemisssports.com/sports/football/roster/chambliss-trinidad/6554 | https://www.espn.com/college-football/story/_/id/48324773/trinidad-chambliss-quest-play-2026-clears-legal-hurdle
ole-miss|willecholes,Ole Miss,Will Echoles,Front Seven,JR,92,STEADY,STEADY,3,18,64,15,2,5,LOW,https://olemisssports.com/sports/football/roster/will-echoles/6465
oregon|aaronflowers,Oregon,Aaron Flowers,Secondary,JR,84,RISING,STEADY,8,29,49,14,4,5,MEDIUM,https://goducks.com/sports/football/roster/aaron-flowers/18299
oregon|amauriwashington,Oregon,Amauri Washington,Front Seven,SR,90,STEADY,STEADY,3,19,59,19,2,5,LOW,https://goducks.com/sports/football/roster/a-mauri-washington/18341
oregon|bearalexander,Oregon,Bear Alexander,Front Seven,5TH,85,STEADY,DECLINE RISK,6,20,48,26,3,6,MEDIUM,https://goducks.com/sports/football/roster/Bear-Alexander/18286
oregon|brandonfinneyjr,Oregon,Brandon Finney Jr.,Secondary,SO,90,RISING,STEADY,5,24,56,15,3,5,MEDIUM,https://goducks.com/sports/football/roster/brandon-finney-jr/18298
oregon|carlwilliamsiv,Oregon,Carl Williams IV,Secondary,SR,76,RISING,BOOM/BUST,15,30,31,24,5,7,HIGH,https://goducks.com/sports/football/roster/carl-williams-iv/18357
oregon|dakorienmoore,Oregon,Dakorien Moore,WR,SO,88,RISING,RISING,15,39,35,11,6,5,HIGH,https://goducks.com/sports/football/roster/dakorien-moore/18319
oregon|dantemoore,Oregon,Dante Moore,QB,SR,94,RISING,STEADY,9,27,49,15,4,5,MEDIUM,https://goducks.com/sports/football/roster/dante-moore/18320 | https://goducks.com/news/2026/1/14/football-moore-among-several-key-contributors-returning-in-2026
oregon|dierrehilljr,Oregon,Dierre Hill Jr.,RB,SO,85,RISING,STEADY,11,36,42,11,5,5,MEDIUM,https://goducks.com/sports/football/roster/dierre-hill-jr-/18305
oregon|elijahrushing,Oregon,Elijah Rushing,Front Seven,JR,82,HIGH UPSIDE,BOOM/BUST,20,38,25,17,7,6,HIGH,https://goducks.com/sports/football/roster/elijah-rushing/18332
oregon|evanstewart,Oregon,Evan Stewart,WR,5TH,86,RISING,STEADY,12,30,34,24,5,7,HIGH,https://goducks.com/sports/football/roster/evan-stewart/18335
oregon|ifyobidegwu,Oregon,Ify Obidegwu,Secondary,JR,89,RISING,STEADY,10,34,44,12,5,5,MEDIUM,https://goducks.com/sports/football/roster/ify-obidegwu/18323
oregon|jamarijohnson,Oregon,Jamari Johnson,TE,SR,94,RISING,STEADY,7,27,51,15,4,5,MEDIUM,https://goducks.com/sports/football/roster/jamari-johnson/18309
oregon|jeremiahmcclellan,Oregon,Jeremiah McClellan,WR,JR,82,RISING,STEADY,12,34,42,12,5,5,MEDIUM,https://goducks.com/sports/football/roster/jeremiah-mcclellan/18313
oregon|jordondavison,Oregon,Jordon Davison,RB,SO,88,RISING,RISING,13,40,37,10,6,4,HIGH,https://goducks.com/sports/football/roster/jordon-davison/18296
oregon|koiperich,Oregon,Koi Perich,Secondary,JR,81,RISING,STEADY,10,30,43,17,6,6,MEDIUM,https://goducks.com/sports/football/roster/koi-perich/18350
oregon|matayouiagalelei,Oregon,Matayo Uiagalelei,Front Seven,SR,95,STEADY,STEADY,3,14,63,20,2,5,LOW,https://goducks.com/sports/football/roster/Matayo-Uiagalelei/18339
oregon|messiahhampton,Oregon,Messiah Hampton,WR,FR,81,HIGH UPSIDE,HIGH UPSIDE,22,40,25,13,8,5,HIGH,https://goducks.com/sports/football/roster/messiah-hampton/18356
oregon|teitumtuioti,Oregon,Teitum Tuioti,Front Seven,SR,91,STEADY,STEADY,4,19,58,19,3,5,LOW,https://goducks.com/sports/football/roster/teitum-tuioti/18338
pittsburgh|alexsanfordjr,Pittsburgh,Alex Sanford Jr.,Front Seven,SR,77,RISING,STEADY,9,31,45,15,4,5,MEDIUM,https://pittsburghpanthers.com/sports/football/roster/alex-sanford-jr-/15187
pittsburgh|carsonkent,Pittsburgh,Carson Kent,TE,5TH,83,RISING,STEADY,11,32,43,14,5,5,MEDIUM,https://pittsburghpanthers.com/sports/football/roster/carson-kent/15178
pittsburgh|cataurushicks,Pittsburgh,Cataurus Hicks,WR,SR,86,RISING,STEADY,12,33,40,15,5,5,MEDIUM,https://pittsburghpanthers.com/sports/football/roster/cataurus-blue-hicks/15003
pittsburgh|censerelee,Pittsburgh,Censere Lee,WR,5TH,82,RISING,STEADY,12,29,33,26,5,7,HIGH,https://pittsburghpanthers.com/sports/football/roster/censere-lee/15012
pittsburgh|crucebrookins,Pittsburgh,Cruce Brookins,Secondary,SR,85,RISING,STEADY,7,29,52,12,3,5,LOW,https://pittsburghpanthers.com/sports/football/roster/cruce-brookins/15130
pittsburgh|damonfergusonjr,Pittsburgh,Damon Ferguson Jr.,RB,FR,83,HIGH UPSIDE,HIGH UPSIDE,20,42,28,10,7,4,HIGH,https://pittsburghpanthers.com/sports/football/roster/damon-ferguson-jr-/15291
pittsburgh|demetricemccray,Pittsburgh,Demetrice McCray,WR,FR,84,HIGH UPSIDE,HIGH UPSIDE,25,43,24,8,8,4,HIGH,https://pittsburghpanthers.com/sports/football/roster/demetrice-mccray/15168
pittsburgh|holdengeriner,Pittsburgh,Holden Geriner,QB,5TH,79,RISING,STEADY,12,34,32,22,5,6,HIGH,https://pittsburghpanthers.com/sports/football/roster/holden-geriner/15190
pittsburgh|isaiahneal,Pittsburgh,Isaiah Neal,Front Seven,SR,85,RISING,STEADY,10,30,45,15,4,6,MEDIUM,https://pittsburghpanthers.com/sports/football/roster/isaiah-neal/15022
pittsburgh|jaedenmoore,Pittsburgh,Jaeden Moore,Front Seven,SR,81,RISING,BOOM/BUST,17,34,28,21,6,7,HIGH,https://pittsburghpanthers.com/sports/football/roster/jaeden-moore/15020
pittsburgh|jakyrianturner,Pittsburgh,Jakyrian Turner,RB,SO,84,RISING,STEADY,10,37,44,9,5,4,MEDIUM,https://pittsburghpanthers.com/sports/football/roster/jakyrian-turner/15115
pittsburgh|jeremiahmarcelin,Pittsburgh,Jeremiah Marcelin,Front Seven,JR,89,HIGH UPSIDE,BOOM/BUST,19,33,25,23,6,7,HIGH,https://pittsburghpanthers.com/sports/football/roster/jeremiah-marcelin/15017
pittsburgh|jimmyscott,Pittsburgh,Jimmy Scott,Front Seven,5TH,83,RISING,STEADY,6,26,54,14,3,5,LOW,https://pittsburghpanthers.com/sports/football/roster/jimmy-scott/15028
pittsburgh|joshguerrier,Pittsburgh,Josh Guerrier,Secondary,SO,71,HIGH UPSIDE,HIGH UPSIDE,20,38,31,11,6,5,HIGH,https://pittsburghpanthers.com/sports/football/roster/josh-guerrier/15147
pittsburgh|raionstrader,Pittsburgh,Raion Strader,Secondary,SR,84,RISING,STEADY,7,28,53,12,3,5,LOW,https://pittsburghpanthers.com/sports/football/roster/raion-strader/15181
pittsburgh|rashanmurray,Pittsburgh,Rashan Murray,Secondary,5TH,76,RISING,BOOM/BUST,15,37,29,19,5,6,HIGH,https://pittsburghpanthers.com/sports/football/roster/rashan-murray/15021
pittsburgh|shawnleejr,Pittsburgh,Shawn Lee Jr.,Secondary,SO,88,RISING,STEADY,9,35,44,12,4,5,MEDIUM,https://pittsburghpanthers.com/sports/football/roster/shawn-lee-jr/15013
pittsburgh|tonykinsler,Pittsburgh,Tony Kinsler,WR,SO,78,HIGH UPSIDE,HIGH UPSIDE,22,38,29,11,6,5,HIGH,https://pittsburghpanthers.com/sports/football/roster/tony-kinsler/15011
pittsburgh|zachcrothers,Pittsburgh,Zach Crothers,Front Seven,JR,79,RISING,BOOM/BUST,17,33,29,21,6,7,HIGH,https://pittsburghpanthers.com/sports/football/roster/zach-crothers/15139
smu|aakilwashington,SMU,Aakil Washington,Front Seven,SR,84,RISING,BOOM/BUST,13,30,35,22,5,7,HIGH,https://smumustangs.com/sports/football/roster/aakil-washington/15591
smu|alexanderkilgore,SMU,Alexander Kilgore,Front Seven,SR,82,RISING,STEADY,5,24,58,13,3,5,LOW,https://smumustangs.com/sports/football/roster/alexander-kilgore/15548
smu|brandonbooker,SMU,Brandon Booker,Front Seven,JR,80,RISING,STEADY,10,34,44,12,5,5,MEDIUM,https://smumustangs.com/sports/football/roster/brandon-booker/15515
smu|dramekcogreen,SMU,Dramekco Green,RB,SO,79,HIGH UPSIDE,HIGH UPSIDE,20,42,25,13,7,5,HIGH,https://smumustangs.com/sports/football/roster/dramekco-green/15534
smu|irasingletoniv,SMU,Ira Singleton IV,Front Seven,JR,84,RISING,RISING,13,35,39,13,5,5,MEDIUM,https://smumustangs.com/sports/football/roster/ira-singleton-iv/15627
smu|jahkailang,SMU,Jahkai Lang,Front Seven,SR,78,RISING,STEADY,10,30,46,14,5,5,MEDIUM,https://smumustangs.com/sports/football/roster/jahkai-lang/15550
smu|jalencooper,SMU,Jalen Cooper,WR,SO,85,RISING,RISING,12,37,39,12,6,5,MEDIUM,https://smumustangs.com/sports/football/roster/jalen--cooper/15522
smu|jarvislee,SMU,Jarvis Lee,Secondary,SR,86,RISING,STEADY,7,25,54,14,3,5,MEDIUM,https://smumustangs.com/sports/football/roster/jarvis-lee/15618
smu|jayvonthomas,SMU,Jayvon Thomas,Secondary,SR,84,RISING,BOOM/BUST,13,34,34,19,5,6,HIGH,https://smumustangs.com/sports/football/roster/jayvon-thomas/15638
smu|jimmywyrick,SMU,Jimmy Wyrick,Secondary,6TH,82,STEADY,STEADY,5,21,55,19,3,6,MEDIUM,https://smumustangs.com/sports/football/roster/jimmy-wyrick/15630
smu|kendrickraphael,SMU,Kendrick Raphael,RB,SR,90,RISING,STEADY,8,29,46,17,4,5,MEDIUM,https://smumustangs.com/sports/football/roster/kendrick-raphael/15625
smu|kevinjennings,SMU,Kevin Jennings,QB,5TH,87,STEADY,DECLINE RISK,6,22,47,25,3,6,MEDIUM,https://smumustangs.com/sports/football/roster/kevin-jennings/15545
smu|marcellusbarnesjr,SMU,Marcellus Barnes Jr.,Secondary,JR,78,RISING,RISING,11,36,39,14,5,5,MEDIUM,https://smumustangs.com/sports/football/roster/marcellus-barnes-jr-/15512
smu|randypittmanjr,SMU,Randy Pittman Jr.,TE,SR,82,RISING,STEADY,8,27,49,16,4,5,MEDIUM,https://smumustangs.com/sports/football/roster/randy-pittman-jr-/15624
smu|theomelinohrstrom,SMU,Theo Melin Ohrstrom,TE,5TH,85,RISING,STEADY,7,26,51,16,3,5,MEDIUM,https://smumustangs.com/sports/football/roster/theo-melin-ohrstrom/15620
smu|tyrenpolleyjr,SMU,Tyren Polley Jr.,Secondary,SO,82,RISING,STEADY,11,33,44,12,5,5,MEDIUM,https://smumustangs.com/sports/football/roster/tyren-polley-jr/15572
smu|yamirknight,SMU,Yamir Knight,WR,SR,86,RISING,STEADY,8,27,51,14,4,5,MEDIUM,https://smumustangs.com/sports/football/roster/yamir-knight/15549
smu|yannicksmith,SMU,Yannick Smith,WR,JR,87,RISING,STEADY,11,36,41,12,5,5,MEDIUM,https://smumustangs.com/sports/football/roster/yannick-smith/15628
tennessee|amarecampbell,Tennessee,Amare Campbell,Front Seven,SR,84,STEADY,STEADY,3,18,61,18,2,5,LOW,https://utsports.com/sports/football/roster/amare-campbell/23060
tennessee|arioncarter,Tennessee,Arion Carter,Front Seven,SR,89,RISING,STEADY,4,25,55,16,3,5,LOW,https://utsports.com/sports/football/roster/arion-carter/23001
tennessee|braylonstaley,Tennessee,Braylon Staley,WR,JR,84,RISING,STEADY,10,34,46,10,4,4,MEDIUM,https://utsports.com/sports/football/roster/braylon-staley/23047
tennessee|daevinhobbs,Tennessee,Daevin Hobbs,Front Seven,SR,80,RISING,STEADY,8,28,42,22,4,6,HIGH,https://utsports.com/sports/football/roster/daevin-hobbs/23014
tennessee|dasaahnbrame,Tennessee,DaSaahn Brame,TE,SO,78,RISING,RISING,16,43,31,10,6,4,HIGH,https://utsports.com/sports/football/roster/dasaahn-brame/22998
tennessee|daunemorris,Tennessee,Daune Morris,RB,SO,78,RISING,RISING,16,38,34,12,6,5,HIGH,https://utsports.com/sports/football/roster/daune-morris/23028
tennessee|dejuanlane,Tennessee,Dejuan Lane,Secondary,JR,84,RISING,RISING,14,36,39,11,6,5,MEDIUM,https://utsports.com/sports/football/roster/dejuan-lane/23078
tennessee|deseanbishop,Tennessee,DeSean Bishop,RB,SR,92,STEADY,STEADY,4,20,61,15,3,5,LOW,https://utsports.com/sports/football/roster/desean-bishop/22996
tennessee|ethandavis,Tennessee,Ethan Davis,TE,SR,84,RISING,STEADY,8,28,49,15,4,5,MEDIUM,https://utsports.com/sports/football/roster/ethan-davis/23003
tennessee|georgemacintyre,Tennessee,George MacIntyre,QB,FR,79,HIGH UPSIDE,HIGH UPSIDE,22,42,26,10,8,5,HIGH,https://www.reuters.com/sports/reports-tennessee-start-qb-george-macintyre-vs-arkansas--flm-2026-10-07/
tennessee|javingordon,Tennessee,Javin Gordon,RB,SO,82,RISING,RISING,13,35,39,13,5,5,MEDIUM,https://utsports.com/sports/football/roster/javin-gordon/23071
tennessee|kayinlee,Tennessee,Kayin Lee,Secondary,SR,84,RISING,STEADY,6,24,53,17,3,5,LOW,https://utsports.com/sports/football/roster/kayin-lee/23079
tennessee|mariyondye,Tennessee,Mariyon Dye,Front Seven,SO,88,HIGH UPSIDE,HIGH UPSIDE,23,40,28,9,6,5,HIGH,https://utsports.com/sports/football/roster/mariyon-dye/23005
tennessee|mikematthews,Tennessee,Mike Matthews,WR,JR,86,RISING,STEADY,12,35,41,12,5,5,MEDIUM,https://utsports.com/sports/football/roster/mike-matthews/23024
tennessee|quamoss,Tennessee,Qua Moss,Secondary,SR,76,RISING,STEADY,7,28,48,17,4,6,MEDIUM,https://utsports.com/sports/football/roster/qua-moss/23083
tennessee|radariousjackson,Tennessee,Radarious Jackson,WR,SO,81,RISING,RISING,16,39,34,11,5,5,HIGH,https://utsports.com/sports/football/roster/radarious-jackson/23017
tennessee|tjmetcalf,Tennessee,TJ Metcalf,Secondary,SR,82,RISING,STEADY,7,24,53,16,4,5,LOW,https://utsports.com/sports/football/roster/tj-metcalf/23082
tennessee|tyredmond,Tennessee,Ty Redmond,Secondary,SO,87,RISING,STEADY,11,32,47,10,4,5,MEDIUM,https://utsports.com/sports/football/roster/ty-redmond/23037
tennessee|tyreeweathersby,Tennessee,Tyree Weathersby,Front Seven,SR,80,RISING,RISING,10,36,38,16,5,6,MEDIUM,https://utsports.com/sports/football/roster/tyree-weathersby/23053
tennessee|xaviergilliam,Tennessee,Xavier Gilliam,Front Seven,JR,89,HIGH UPSIDE,HIGH UPSIDE,19,39,29,13,6,5,HIGH,https://utsports.com/sports/football/roster/xavier-gilliam/23068
texas|archmanning,Texas,Arch Manning,QB,SR,88,RISING,STEADY,7,26,49,18,3,5,MEDIUM,https://texaslonghorns.com/sports/football/roster/manning-arch/16963 | https://www.cbssports.com/nfl/draft/mock-draft/
texas|bomascoe,Texas,Bo Mascoe,Secondary,SR,86,RISING,STEADY,7,27,49,17,4,5,MEDIUM,https://texaslonghorns.com/sports/football/roster/bo-mascoe/16946
texas|camcoleman,Texas,Cam Coleman,WR,JR,89,RISING,STEADY,12,32,43,13,5,5,MEDIUM,https://texaslonghorns.com/sports/football/roster/cam-coleman/16950 | https://www.burntorangenation.com/texas-longhorns-football/105390/cam-coleman-analysis-texas-longhorns-arch-manning
texas|colinsimmons,Texas,Colin Simmons,Front Seven,JR,99,STEADY,STEADY,3,12,67,18,0,5,LOW,https://texaslonghorns.com/sports/football/roster/colin-simmons/16936 | https://www.cbssports.com/nfl/draft/mock-draft/
texas|emmettmosleyv,Texas,Emmett Mosley V,WR,JR,82,RISING,STEADY,11,34,41,14,5,5,MEDIUM,https://texaslonghorns.com/sports/football/roster/emmett-mosley-v/16942
texas|gracesonlittleton,Texas,Graceson Littleton,Secondary,SO,89,RISING,STEADY,9,32,47,12,5,4,MEDIUM,https://texaslonghorns.com/sports/football/roster/graceson-littleton/16980
texas|herokanu,Texas,Hero Kanu,Front Seven,5TH,86,RISING,STEADY,6,23,54,17,3,5,LOW,https://texaslonghorns.com/sports/football/roster/hero-kanu/17032
texas|hollywoodsmothers,Texas,Hollywood Smothers,RB,SR,88,RISING,STEADY,8,29,47,16,5,5,MEDIUM,https://texaslonghorns.com/sports/football/roster/hollywood-smothers/16939
texas|jelanimcdonald,Texas,Jelani McDonald,Secondary,SR,90,RISING,STEADY,6,26,53,15,3,5,MEDIUM,https://texaslonghorns.com/sports/football/roster/jelani-mcdonald/16944
texas|justincryer,Texas,Justin Cryer,Front Seven,SR,85,RISING,STEADY,9,30,45,16,4,5,MEDIUM,https://texaslonghorns.com/sports/football/roster/justin-cryer/16978
texas|kadephillips,Texas,Kade Phillips,Secondary,SO,89,RISING,STEADY,10,34,42,14,5,5,MEDIUM,https://texaslonghorns.com/sports/football/roster/kade-phillips/16951
texas|kobeblack,Texas,Kobe Black,Secondary,JR,78,RISING,RISING,13,34,39,14,5,5,MEDIUM,https://texaslonghorns.com/sports/football/roster/kobe-black/16948
texas|maraadwatson,Texas,Maraad Watson,Front Seven,JR,80,RISING,STEADY,9,33,45,13,4,5,MEDIUM,https://texaslonghorns.com/sports/football/roster/maraad-watson/17028
texas|raleekbrown,Texas,Raleek Brown,RB,5TH,85,STEADY,DECLINE RISK,8,24,42,26,4,7,HIGH,https://texaslonghorns.com/sports/football/roster/raleek-brown/16937
texas|rasheembiles,Texas,Rasheem Biles,Front Seven,SR,96,STEADY,STEADY,3,14,67,16,2,5,LOW,https://texaslonghorns.com/sports/football/roster/rasheem-biles/16941
texas|ryanwingo,Texas,Ryan Wingo,WR,JR,86,RISING,STEADY,11,35,43,11,5,4,MEDIUM,https://texaslonghorns.com/sports/football/roster/ryan-wingo/16938
texas|spencershannon,Texas,Spencer Shannon,TE,SR,77,RISING,STEADY,11,33,40,16,5,5,MEDIUM,https://texaslonghorns.com/sports/football/roster/spencer-shannon/17023
texas|zinaumeozulu,Texas,Zina Umeozulu,Front Seven,JR,80,RISING,RISING,17,36,33,14,6,6,HIGH,https://texaslonghorns.com/sports/football/roster/zina-umeozulu/16969
texas-tech|ajholmesjr,Texas Tech,A.J. Holmes Jr.,Front Seven,5TH,91,STEADY,STEADY,4,20,62,14,2,5,LOW,https://texastech.com/sports/football/roster/aj-holmes-jr/14301
texas-tech|adamtrick,Texas Tech,Adam Trick,Front Seven,5TH,88,RISING,STEADY,7,26,51,16,4,6,MEDIUM,https://texastech.com/sports/football/roster/adam-trick/14374
texas-tech|austinromaine,Texas Tech,Austin Romaine,Front Seven,SR,90,RISING,STEADY,5,24,57,14,3,5,LOW,https://texastech.com/sports/football/roster/austin-romaine/14371
texas-tech|benroberts,Texas Tech,Ben Roberts,Front Seven,5TH,89,STEADY,STEADY,3,20,63,14,2,5,LOW,https://texastech.com/sports/football/roster/ben-roberts/14322
texas-tech|brendenjordan,Texas Tech,Brenden Jordan,Secondary,SR,82,RISING,STEADY,7,27,51,15,4,5,LOW,https://texastech.com/sports/football/roster/brenden-jordan/14305
texas-tech|bricepollock,Texas Tech,Brice Pollock,Secondary,SR,91,STEADY,STEADY,5,18,61,16,3,5,LOW,https://texastech.com/sports/football/roster/brice-pollock/14318 | https://texastech.com/news/2026/10/3/football-postgame-notes-texas-tech-at-colorado
texas-tech|camerondickey,Texas Tech,Cameron Dickey,RB,JR,84,RISING,STEADY,5,24,58,13,3,5,LOW,https://texastech.com/sports/football/roster/cameron-dickey/14282
texas-tech|coyeakin,Texas Tech,Coy Eakin,WR,5TH,84,RISING,STEADY,6,26,55,13,3,5,LOW,https://texastech.com/sports/football/roster/eakin-coy/14284
texas-tech|davinmartin,Texas Tech,Davin Martin,Secondary,SR,78,RISING,STEADY,12,34,41,13,5,5,MEDIUM,https://texastech.com/sports/football/roster/davin-martin/14367
texas-tech|jkobywilliams,Texas Tech,Jkoby Williams,RB,JR,88,RISING,STEADY,6,28,53,13,3,5,LOW,https://texastech.com/sports/football/roster/jkoby-williams/14332
texas-tech|kennyjohnson,Texas Tech,Kenny Johnson,WR,SR,87,RISING,STEADY,8,33,45,14,4,5,MEDIUM,https://texastech.com/sports/football/roster/kenny-johnson/14362
texas-tech|malcolmsimmons,Texas Tech,Malcolm Simmons,WR,JR,81,RISING,RISING,12,37,40,11,5,5,MEDIUM,https://texastech.com/sports/football/roster/malcolm-simmons/14372
texas-tech|malikesquerra,Texas Tech,Malik Esquerra,Secondary,JR,83,RISING,RISING,17,39,32,12,6,5,HIGH,https://texastech.com/sports/football/roster/malik-esquerra/14286
texas-tech|mateenibirogba,Texas Tech,Mateen Ibirogba,Front Seven,5TH,86,RISING,STEADY,10,31,44,15,4,6,MEDIUM,https://texastech.com/sports/football/roster/mateen-ibirogba/14360
texas-tech|micahhudson,Texas Tech,Micah Hudson,WR,JR,78,RISING,RISING,15,38,31,16,6,6,HIGH,https://texastech.com/sports/football/roster/micah-hudson/14302
texas-tech|peytonmorgan,Texas Tech,Peyton Morgan,Secondary,JR,82,RISING,RISING,17,38,32,13,5,5,MEDIUM,https://texastech.com/sports/football/roster/peyton-morgan/14315
texas-tech|terrancecarterjr,Texas Tech,Terrance Carter Jr.,TE,5TH,92,RISING,STEADY,5,24,56,15,3,6,LOW,https://texastech.com/sports/football/roster/terrance-carter-jr-/14275
texas-tech|treywhite,Texas Tech,Trey White,Front Seven,5TH,90,RISING,STEADY,5,25,55,15,3,5,LOW,https://texastech.com/sports/football/roster/trey-white/14375
texas-tech|willhammond,Texas Tech,Will Hammond,QB,JR,78,RISING,STEADY,10,36,42,12,5,5,MEDIUM,https://texastech.com/sports/football/roster/hammond-will/14292
ucla|amierwashington,UCLA,Amier Washington,Front Seven,SR,82,RISING,RISING,13,35,37,15,5,5,MEDIUM,https://uclabruins.com/sports/football/roster/player/amier-washington
ucla|anthonywoods,UCLA,Anthony Woods,RB,5TH,84,RISING,STEADY,10,34,39,17,5,6,HIGH,https://uclabruins.com/sports/football/roster/player/anthony-woods
ucla|brianrowejr,UCLA,Brian Rowe Jr.,WR,SO,82,RISING,RISING,17,41,31,11,6,5,HIGH,https://uclabruins.com/sports/football/roster/player/brian-rowe-jr
ucla|derrickbarksdale,UCLA,Derrick Barksdale,Secondary,SR,82,RISING,STEADY,7,27,53,13,4,5,LOW,https://uclabruins.com/sports/football/roster/player/dj-barksdale
ucla|jalenwoods,UCLA,Jalen Woods,Front Seven,5TH,77,RISING,STEADY,9,28,47,16,4,6,MEDIUM,https://uclabruins.com/sports/football/roster/player/jalen-woods
ucla|joshphifer,UCLA,Josh Phifer,TE,SR,79,RISING,RISING,15,40,32,13,5,5,MEDIUM,https://uclabruins.com/sports/football/roster/season/2026/player/joshua-phifer
ucla|landonellis,UCLA,Landon Ellis,WR,SR,78,RISING,STEADY,8,29,48,15,4,5,MEDIUM,https://uclabruins.com/sports/football/roster/player/landon-ellis
ucla|malikhartford,UCLA,Malik Hartford,Secondary,SR,82,RISING,RISING,17,36,31,16,6,6,HIGH,https://uclabruins.com/sports/football/roster/player/malik-hartford
ucla|nicoiamaleava,UCLA,Nico Iamaleava,QB,SR,83,RISING,STEADY,8,30,44,18,5,6,MEDIUM,https://uclabruins.com/sports/football/roster/player/nico-iamaleava
ucla|rodrickpleasant,UCLA,Rodrick Pleasant,Secondary,SR,82,RISING,STEADY,8,32,46,14,4,5,MEDIUM,https://uclabruins.com/sports/football/roster/player/rodrick-pleasant
ucla|sahirwest,UCLA,Sahir West,Front Seven,JR,84,RISING,STEADY,8,31,50,11,4,5,MEDIUM,https://uclabruins.com/sports/football/roster/player/sahir-west
ucla|sammyomosigho,UCLA,Sammy Omosigho,Front Seven,SR,89,RISING,STEADY,11,32,42,15,5,5,MEDIUM,https://uclabruins.com/sports/football/roster/player/sammy-omosigho
ucla|scooterjackson,UCLA,Scooter Jackson,Secondary,SR,76,RISING,STEADY,9,31,47,13,4,5,MEDIUM,https://uclabruins.com/sports/football/roster/player/scooter-jackson
ucla|scotttaylor,UCLA,Scott Taylor,Front Seven,SO,78,HIGH UPSIDE,HIGH UPSIDE,20,40,30,10,6,5,HIGH,https://uclabruins.com/sports/football/roster/player/scott-taylor
ucla|semajmorgan,UCLA,Semaj Morgan,WR,SR,83,RISING,RISING,12,33,36,19,5,6,HIGH,https://uclabruins.com/sports/football/roster/player/semaj-morgan
ucla|tashawnjames,UCLA,Ta'Shawn James,Secondary,SR,88,RISING,BOOM/BUST,13,33,35,19,5,7,HIGH,https://uclabruins.com/sports/football/roster/player/tashawn-james
ucla|tysonford,UCLA,Tyson Ford,Front Seven,5TH,80,HIGH UPSIDE,BOOM/BUST,18,36,27,19,6,6,HIGH,https://uclabruins.com/sports/football/roster/player/tyson-ford
ucla|wayneknight,UCLA,Wayne Knight,RB,5TH,95,RISING,STEADY,6,25,54,15,3,6,MEDIUM,https://uclabruins.com/sports/football/roster/player/wayne-knight
usc|alexgraham,USC,Alex Graham,Secondary,FR,80,HIGH UPSIDE,HIGH UPSIDE,19,40,31,10,6,5,HIGH,https://usctrojans.com/sports/football/roster/alex-graham/18817
usc|braylanshelby,USC,Braylan Shelby,Front Seven,SR,80,RISING,STEADY,7,29,50,14,4,5,MEDIUM,https://usctrojans.com/sports/football/roster/braylan-shelby/18761
usc|chasenjohnson,USC,Chasen Johnson,Secondary,SO,76,RISING,BOOM/BUST,15,33,29,23,6,7,HIGH,https://usctrojans.com/sports/football/roster/chasen-johnson/18827
usc|christianpierce,USC,Christian Pierce,Secondary,SR,86,RISING,STEADY,7,26,54,13,4,5,LOW,https://usctrojans.com/sports/football/roster/christian-pierce/18850
usc|desmanstephensii,USC,Desman Stephens II,Front Seven,JR,78,RISING,STEADY,9,31,49,11,4,5,LOW,https://usctrojans.com/sports/football/roster/desman-stephens-ii/18764
usc|devenbryant,USC,Deven Bryant,Front Seven,JR,80,RISING,STEADY,10,35,42,13,5,5,MEDIUM,https://usctrojans.com/sports/football/roster/devan-bryant/18799
usc|jaydenmaiava,USC,Jayden Maiava,QB,SR,92,STEADY,STEADY,4,19,62,15,3,5,LOW,https://usctrojans.com/sports/football/roster/jayden-maiava/18836
usc|jontezwilliams,USC,Jontez Williams,Secondary,SR,89,RISING,STEADY,8,28,43,21,4,7,HIGH,https://usctrojans.com/sports/football/roster/jontez-williams/18783
usc|kameryncrawford,USC,Kameryn Crawford,Front Seven,JR,82,RISING,STEADY,7,29,52,12,4,5,LOW,https://usctrojans.com/sports/football/roster/kameryn-crawford/18805
usc|kaydendixonwyatt,USC,Kayden Dixon-Wyatt,WR,FR,87,HIGH UPSIDE,HIGH UPSIDE,24,44,25,7,8,4,HIGH,https://usctrojans.com/sports/football/roster/kayden-dixonwyatt/18706
usc|kingmiller,USC,King Miller,RB,SO,91,RISING,STEADY,7,28,52,13,4,5,MEDIUM,https://usctrojans.com/sports/football/roster/king-miller/18739
usc|lukewafle,USC,Luke Wafle,Front Seven,FR,85,HIGH UPSIDE,HIGH UPSIDE,23,42,28,7,8,4,HIGH,https://usctrojans.com/sports/football/roster/luke-wafle/18879
usc|markbowman,USC,Mark Bowman,TE,FR,87,HIGH UPSIDE,HIGH UPSIDE,22,40,25,13,8,5,HIGH,https://usctrojans.com/sports/football/roster/mark-bowman/18796 | https://usctrojans.com/news/2026/3/4/2026-usc-trojans-football-spring-outlook-the-time-is-now-lincoln-riley-gary-patterson-jayden-maiava
usc|prophetbrown,USC,Prophet Brown,Secondary,SR,82,RISING,DECLINE RISK,12,30,30,28,5,8,HIGH,https://usctrojans.com/sports/football/roster/prophet-brown/18798
usc|tanookhines,USC,Tanook Hines,WR,SO,80,RISING,RISING,13,39,37,11,5,5,MEDIUM,https://usctrojans.com/sports/football/roster/tanook-hines/18716
usc|trentmosley,USC,Trent Mosley,WR,FR,86,HIGH UPSIDE,HIGH UPSIDE,23,44,25,8,7,4,HIGH,https://usctrojans.com/sports/football/roster/trent-mosley/18843
usc|waymondjordan,USC,Waymond Jordan,RB,SR,83,RISING,STEADY,9,31,37,23,5,8,HIGH,https://usctrojans.com/sports/football/roster/waymond-jordan/18728
usc|zacharyuswilliams,USC,Zacharyus Williams,WR,SO,78,HIGH UPSIDE,HIGH UPSIDE,18,36,31,15,5,6,HIGH,https://usctrojans.com/sports/football/roster/zacharyus-williams/18888
utah|alexcloward,Utah,Alex Cloward,Front Seven,FR,77,HIGH UPSIDE,HIGH UPSIDE,18,40,31,11,6,5,HIGH,https://utahutes.com/sports/football/roster/alex-cloward/16567
utah|bradenpegan,Utah,Braden Pegan,WR,SR,88,RISING,STEADY,7,26,54,13,3,5,LOW,https://utahutes.com/sports/football/roster/braden-pegan/17660
utah|creedwhittemore,Utah,Creed Whittemore,WR,SR,82,RISING,STEADY,12,34,39,15,4,5,MEDIUM,https://utahutes.com/sports/football/roster/creed-whittemore/17590
utah|danielbray,Utah,Daniel Bray,RB,SO,77,HIGH UPSIDE,HIGH UPSIDE,19,41,30,10,6,5,HIGH,https://utahutes.com/sports/football/roster/daniel-bray/17497
utah|devondampier,Utah,Devon Dampier,QB,SR,90,STEADY,STEADY,5,22,57,16,3,5,LOW,https://utahutes.com/sports/football/roster/devon-dampier/17509
utah|elijahdavis,Utah,Elijah Davis,Secondary,5TH,84,RISING,STEADY,5,21,61,13,3,5,LOW,https://utahutes.com/sports/football/roster/elijah-davis/17511
utah|elijahelliss,Utah,Elijah Elliss,Front Seven,JR,85,RISING,RISING,15,41,34,10,5,5,MEDIUM,https://utahutes.com/sports/football/roster/elijah-elliss/17516
utah|elijahreed,Utah,Elijah Reed,Secondary,SR,78,RISING,STEADY,8,29,48,15,4,5,LOW,https://utahutes.com/sports/football/roster/elijah-reed/17661
utah|ethanday,Utah,Ethan Day,Front Seven,JR,80,RISING,STEADY,10,33,43,14,4,5,MEDIUM,https://utahutes.com/sports/football/roster/ethan-day/17656
utah|jacksonbennee,Utah,Jackson Bennee,Secondary,JR,86,RISING,STEADY,7,27,56,10,3,5,LOW,https://utahutes.com/sports/football/roster/jackson-bennee/17492
utah|lanceholtzclaw,Utah,Lance Holtzclaw,Front Seven,5TH,82,RISING,STEADY,8,28,48,16,4,5,MEDIUM,https://utahutes.com/sports/football/roster/lance-holtzclaw/17534
utah|nateritchie,Utah,Nate Ritchie,Secondary,SR,84,RISING,RISING,12,34,36,18,5,6,HIGH,https://utahutes.com/sports/football/roster/nate-ritchie/17570
utah|noahbennee,Utah,Noah Bennee,TE,SR,85,RISING,RISING,14,39,37,10,5,5,MEDIUM,https://utahutes.com/sports/football/roster/noah-bennee/17654
utah|paulfitzgerald,Utah,Paul Fitzgerald,Front Seven,5TH,79,RISING,BOOM/BUST,13,34,34,19,5,7,HIGH,https://utahutes.com/sports/football/roster/paul-fitzgerald/17521
utah|rabbitevans,Utah,Rabbit Evans,Secondary,5TH,85,RISING,STEADY,11,34,38,17,5,6,HIGH,https://utahutes.com/sports/football/roster/rabbit-evans/17519
utah|rickyjohnson,Utah,Ricky Johnson,WR,SO,78,HIGH UPSIDE,HIGH UPSIDE,18,39,31,12,6,5,HIGH,https://utahutes.com/sports/football/roster/ricky-johnson/17647
utah|treyreynolds,Utah,Trey Reynolds,Front Seven,SR,88,RISING,STEADY,10,34,42,14,4,5,MEDIUM,https://utahutes.com/sports/football/roster/trey-reynolds/17568
utah|wayshawnparker,Utah,Wayshawn Parker,RB,JR,95,RISING,STEADY,6,26,54,14,3,5,MEDIUM,https://utahutes.com/sports/football/roster/parker-wayshawn/17561
